ida_key,ida_visible_work_count,ida_visible_sanction_total,ida_median_sanction_amount,ida_median_sanction_delay_days,ida_delay_over45_share,ida_early_stage_over180_share,ida_completed_share,ida_high_cost_outlier_share,ida_duplicate_review_share,ida_average_review_priority_score,ida_max_review_priority_score,ida_latest_sanction_date,ida_distinct_work_type_count,ida_work_type_hhi,ida_review_priority_score,ida_review_priority_band,state,ida_district,ida_authority,ida_visible_mp_count
andhrapradesh|allurisitharamarajudistrictcollectorallurisitharamarajuida,8,11155200.0,1394400.0,69.0,1.0,0.625,0.25,1.0,1.0,52.375,58,2025-01-20,1,1.0,54.06,Medium,Andhra Pradesh,Alluri Sitharama Raju,DISTRICT COLLECTOR ALLURI SITHARAMARAJU,1
andhrapradesh|annamayyadistrictcollectorannamayyaida,25,9897432.0,389748.0,49.0,0.72,0.4,0.24,0.08,0.0,12.32,40,2025-02-19,6,0.3056,20.62,Low,Andhra Pradesh,Annamayya,DISTRICT COLLECTOR ANNAMAYYA,2
andhrapradesh|chittoordistrictcollectorchittoorida,93,47689104.0,500000.0,16.0,0.053763440860215055,0.03225806451612903,0.5913978494623656,0.053763440860215055,0.12903225806451613,3.010752688172043,31,2024-11-27,14,0.23852468493467452,11.41,Routine,Andhra Pradesh,CHITTOOR,DISTRICT COLLECTOR CHITTOOR,2
andhrapradesh|drbrambedkarkonaseemadistrictcollectordrbrambedkarkonaseemaida,1,3507771.0,3507771.0,84.0,1.0,0.0,0.0,1.0,0.0,31.0,31,2024-11-27,1,1.0,31.0,Low,Andhra Pradesh,Dr. B.R. Ambedkar Konaseema,DISTRICT COLLECTOR Dr B R AMBEDKAR KONASEEMA,1
andhrapradesh|eastgodavaridistrictcollectoreastgodavari,1,250000.0,250000.0,242.0,1.0,0.0,1.0,0.0,0.0,16.0,16,2025-06-27,1,1.0,16.0,Routine,Andhra Pradesh,EAST GODAVARI,"DISTRICT COLLECTOR, EAST GODAVARI",1
andhrapradesh|elurudistrictcollectoreluruida,52,28058000.0,400000.0,246.0,1.0,0.0,0.019230769230769232,0.057692307692307696,0.9807692307692307,39.82692307692308,41,2026-01-09,3,0.889792899408284,40.18,Medium,Andhra Pradesh,Eluru,DISTRICT COLLECTOR ELURU,1
andhrapradesh|gunturdistrictcollectorgunturida,1,416758.0,416758.0,80.0,1.0,1.0,0.0,0.0,0.0,21.0,21,2024-12-16,1,1.0,21.0,Low,Andhra Pradesh,GUNTUR,DISTRICT COLLECTOR GUNTUR,1
andhrapradesh|kakinadadistrictcollectorkakinadaida,1,2500000.0,2500000.0,30.0,0.0,0.0,0.0,1.0,0.0,25.0,25,2024-10-09,1,1.0,25.0,Low,Andhra Pradesh,Kakinada,DISTRICT COLLECTOR KAKINADA,1
andhrapradesh|krishnadistrictcollectorkrishnaida,12,6133559.0,365197.0,37.0,0.4166666666666667,0.25,0.0,0.16666666666666666,0.25,13.083333333333334,56,2026-02-06,5,0.3888888888888889,25.96,Low,Andhra Pradesh,KRISHNA,DISTRICT COLLECTOR KRISHNA,1
andhrapradesh|kurnooldistrictcollectorkurnoolida,1,2998485.0,2998485.0,211.0,1.0,0.0,0.0,1.0,0.0,41.0,41,2025-04-28,1,1.0,41.0,Medium,Andhra Pradesh,KURNOOL,DISTRICT COLLECTOR KURNOOL,1
andhrapradesh|sripottisriramulunelloredistrictcollectornelloreida,1,1483285.0,1483285.0,36.0,0.0,0.0,0.0,0.0,0.0,0.0,0,2024-12-18,1,1.0,0.0,Routine,Andhra Pradesh,Sri Potti Sriramulu Nellore,DISTRICT COLLECTOR NELLORE,1
andhrapradesh|srisathyasaidistrictcollectorsrisathyasaiida,1,397179.0,397179.0,5.0,0.0,0.0,0.0,0.0,0.0,0.0,0,2024-11-20,1,1.0,0.0,Routine,Andhra Pradesh,Sri Sathya Sai,DISTRICT COLLECTOR SRI SATHYA SAI,1
andhrapradesh|tirupatidistrictcollectortirupatiida,24,12421492.0,465926.5,36.0,0.375,0.125,0.125,0.08333333333333333,0.0,6.208333333333333,25,2025-02-28,8,0.19097222222222224,11.85,Routine,Andhra Pradesh,Tirupati,DISTRICT COLLECTOR TIRUPATI,2
andhrapradesh|ysrkadapadistrictcollectorcuddapahida,52,23925651.0,491150.5,90.5,0.8653846153846154,0.46153846153846156,0.019230769230769232,0.019230769230769232,0.09615384615384616,15.173076923076923,31,2026-08-31,15,0.19970414201183426,19.92,Routine,Andhra Pradesh,Y.S.R. Kadapa,DISTRICT COLLECTOR CUDDAPAH,1
arunachalpradesh|anjawdeputycommisioneranjawida,2,4000000.0,2000000.0,147.5,1.0,0.0,1.0,1.0,0.0,31.0,31,2025-02-12,2,0.5,31.0,Low,Arunachal Pradesh,ANJAW,Deputy Commisioner Anjaw,1
arunachalpradesh|dibangvalleydeputycommisionerdibangvalleyida,1,1200000.0,1200000.0,310.0,1.0,0.0,0.0,0.0,0.0,16.0,16,2025-07-21,1,1.0,16.0,Routine,Arunachal Pradesh,DIBANG VALLEY,Deputy Commisioner Dibang Valley,1
arunachalpradesh|eastsiangdeputycommisionereastsiangida,17,16800000.0,1000000.0,143.0,1.0,0.0,0.9411764705882353,0.17647058823529413,0.0,10.411764705882353,31,2025-03-12,5,0.2318339100346021,16.59,Routine,Arunachal Pradesh,EAST SIANG,Deputy Commisioner East Siang,1
arunachalpradesh|lohitdeputycommissionerlohitida,3,2600000.0,1000000.0,137.0,1.0,0.0,0.3333333333333333,0.0,0.0,6.0,6,2025-02-04,3,0.3333333333333333,6.0,Routine,Arunachal Pradesh,LOHIT,DEPUTY COMMISSIONER LOHIT,1
arunachalpradesh|longdingdeputycommisionerlongdingida,3,3000000.0,1000000.0,45.0,0.0,0.0,0.0,0.0,0.0,0.0,0,2024-10-29,2,0.5555555555555556,0.0,Routine,Arunachal Pradesh,LONGDING,Deputy Commisioner Longding,1
arunachalpradesh|lowerdibangvalleydeputycommisionerlowerdibangvalleyida,6,7100000.0,1000000.0,72.0,0.6666666666666666,0.0,0.0,0.3333333333333333,0.0,12.333333333333334,31,2024-12-06,6,0.16666666666666669,17.93,Routine,Arunachal Pradesh,LOWER DIBANG VALLEY,Deputy Commisioner Lower Dibang Valley,1
arunachalpradesh|lowersiangdeputycommisionerlowersiangida,1,800000.0,800000.0,157.0,1.0,0.0,0.0,0.0,0.0,6.0,6,2025-02-19,1,1.0,6.0,Routine,Arunachal Pradesh,LOWER SIANG,Deputy Commisioner Lower Siang,1
arunachalpradesh|namsaideputycommisionernamsaiida,8,6495613.0,499994.0,70.0,1.0,0.0,0.0,0.125,0.0,9.125,31,2024-11-24,4,0.4375,15.69,Routine,Arunachal Pradesh,NAMSAI,Deputy Commisioner Namsai,1
arunachalpradesh|siangdeputycommisionersiangida,2,2000000.0,1000000.0,31.0,0.5,0.0,1.0,0.0,0.0,3.0,6,2024-11-11,1,1.0,3.9,Routine,Arunachal Pradesh,SIANG,Deputy Commisioner Siang,1
arunachalpradesh|tirapdeputycommissionertirapida,1,1000000.0,1000000.0,38.0,0.0,0.0,0.0,0.0,0.0,0.0,0,2024-10-22,1,1.0,0.0,Routine,Arunachal Pradesh,TIRAP,DEPUTY COMMISSIONER TIRAP,1
arunachalpradesh|uppersiangdistrictplanningofficeryingkiong,1,2000000.0,2000000.0,180.0,1.0,0.0,1.0,1.0,0.0,31.0,31,2025-03-13,1,1.0,31.0,Low,Arunachal Pradesh,UPPER SIANG,"DISTRICT PLANNING OFFICER,YINGKIONG",1
assam|barpetadeputycommissionerbarpeta1,5,2250000.0,500000.0,291.0,1.0,1.0,0.0,0.0,0.0,31.0,31,2026-02-11,3,0.3600000000000001,31.0,Low,Assam,BARPETA,DEPUTY COMMISSIONER BARPETA 1,1
assam|bongaigaondeputycommissionerbongaigaonida,2,1000000.0,500000.0,92.0,1.0,0.0,1.0,0.0,0.0,6.0,6,2025-01-01,1,1.0,6.0,Routine,Assam,BONGAIGAON,Deputy Commissioner Bongaigaon,1
assam|charaideodeputycommissionercharaideoida,25,5099156.0,200000.0,210.0,1.0,0.68,0.12,0.0,0.0,26.2,31,2025-08-14,4,0.39840000000000003,27.64,Low,Assam,CHARAIDEO,Deputy Commissioner Charaideo,1
assam|dhemajideputycommissionerdhemajiida,8,10100000.0,1000000.0,223.5,1.0,0.625,0.25,0.125,0.0,26.0,41,2025-08-18,3,0.40625,30.5,Low,Assam,DHEMAJI,DEPUTY COMMISSIONER DHEMAJI,1
assam|dhubrideputycommissionerdhubriida,5,2500000.0,500000.0,47.0,1.0,1.0,0.0,0.0,0.0,21.0,21,2024-11-09,3,0.3600000000000001,21.0,Low,Assam,DHUBRI,DEPUTY COMMISSIONER DHUBRI,1
assam|dimahasaodeputycommissionerdimahasaoida,1,5000000.0,5000000.0,693.0,1.0,0.0,0.0,1.0,0.0,49.0,49,2026-07-31,1,1.0,49.0,Medium,Assam,DIMA HASAO,DEPUTY COMMISSIONER Dima Hasao,1
assam|goalparadeputycommissionergoalparaida,31,17450000.0,350000.0,149.0,1.0,0.7096774193548387,0.0,0.0967741935483871,0.0,21.0,56,2025-09-25,10,0.24661810613943808,31.5,Low,Assam,GOALPARA,Deputy Commissioner Goalpara,2
assam|jorhatdeputycommissionerjorhatida,17,3250000.0,200000.0,166.0,1.0,1.0,0.0,0.0,0.0,23.352941176470587,31,2025-07-21,4,0.38408304498269896,25.65,Low,Assam,JORHAT,DEPUTY COMMISSIONER JORHAT,1
assam|kamrupdeputycommissionerkamrupida,7,3800000.0,500000.0,173.0,1.0,0.2857142857142857,0.0,0.0,0.0,14.571428571428571,31,2026-01-30,5,0.22448979591836732,19.5,Routine,Assam,KAMRUP,DEPUTY COMMISSIONER KAMRUP,1
assam|kamrupmetrodeputycommissionerkamrupmetropolitanida,10,10600000.0,1000000.0,160.0,0.9,1.0,0.0,0.6,0.0,38.4,46,2025-08-20,6,0.20000000000000004,40.68,Medium,Assam,KAMRUP METRO,DEPUTY COMMISSIONER KAMRUP METROPOLITAN,1
assam|karbianglongdeputycommissionerkarbianglongida,34,34182540.0,500000.0,57.0,0.9117647058823529,0.0,0.029411764705882353,0.2647058823529412,0.0,12.088235294117647,31,2025-04-04,11,0.22318339100346024,17.76,Routine,Assam,KARBI ANGLONG,DEPUTY COMMISSIONER KARBI ANGLONG,1
assam|lakhimpurdeputycommissionerlakhimpurida,10,5300000.0,500000.0,136.0,1.0,0.8,0.0,0.0,0.0,18.0,21,2025-02-24,2,0.8200000000000001,18.9,Routine,Assam,LAKHIMPUR,DEPUTY COMMISSIONER LAKHIMPUR,1
assam|marigaondistrictdevelopmentcommissionermorigaon,15,8560000.0,500000.0,135.0,1.0,0.4666666666666667,0.06666666666666667,0.0,0.0,17.666666666666668,31,2025-12-24,8,0.26222222222222225,21.67,Low,Assam,MARIGAON,District Development Commissioner Morigaon,1
assam|nagaondeputycommissionernowgongida,13,4300000.0,200000.0,477.0,1.0,0.38461538461538464,0.07692307692307693,0.0,0.0,21.76923076923077,31,2026-08-26,6,0.2071005917159764,24.54,Low,Assam,NAGAON,DEPUTY COMMISSIONER NOWGONG,1
assam|southsalmaramancachardeputycommissionersouthsalmaramankacharida,2,1000000.0,500000.0,445.5,1.0,0.5,0.0,0.0,0.0,23.5,31,2026-05-21,1,1.0,25.75,Low,Assam,SOUTH SALMARA MANCACHAR,Deputy Commissioner South Salmara Mankachar,1
bihar|arariadistrictplanningofficerarariaida,20,47473127.0,2475000.0,69.5,0.8,0.0,0.0,0.0,0.35,7.0,18,2025-01-31,2,0.9049999999999999,10.3,Routine,Bihar,ARARIA,DISTRICT PLANNING OFFICER ARARIA,1
bihar|aurangabaddistrictplanningofficeraurangabadida,30,8970000.0,299000.0,131.0,1.0,0.0,0.0,0.0,0.0,9.333333333333334,16,2026-07-14,1,1.0,11.33,Routine,Bihar,AURANGABAD,DISTRICT PLANNING OFFICER AURANGABAD,1
bihar|bhagalpurdistrictplanningofficerbhagalpurida,16,20074735.0,918100.0,79.0,1.0,0.0,0.0,0.0,0.0,6.0,6,2024-12-06,2,0.5703125,6.0,Routine,Bihar,BHAGALPUR,DISTRICT PLANNING OFFICER BHAGALPUR,1
bihar|buxardistrictplanningofficerbuxarida,8,8227082.0,1442993.5,131.5,1.0,0.0,0.0,0.0,0.125,10.25,16,2025-11-22,6,0.21875,11.98,Routine,Bihar,BUXAR,DISTRICT PLANNING OFFICER BUXAR,1
bihar|darbhangadistrictplanningofficerdarbangaida,5,2475000.0,495000.0,415.0,1.0,0.0,0.8,0.0,0.0,14.0,16,2025-12-25,1,1.0,14.6,Routine,Bihar,DARBHANGA,DISTRICT PLANNING OFFICER DARBANGA,1
bihar|gayadistrictplanningofficergayaida,79,38444422.0,498748.0,148.0,1.0,0.0,0.0,0.0,0.9873417721518988,26.189873417721518,41,2025-04-16,1,1.0,30.63,Low,Bihar,GAYA,DISTRICT PLANNING OFFICER GAYA,1
bihar|gopalganjdistrictplanningofficergopalganjida,19,18942374.0,995000.0,285.0,0.9473684210526315,0.0,0.0,0.0,0.9473684210526315,38.73684210526316,49,2026-05-19,2,0.9002770083102491,41.82,Medium,Bihar,GOPALGANJ,DISTRICT PLANNING OFFICER GOPALGANJ,1
bihar|kaimurbhabuadistrictplanningofficerkaimurbhabuaida,41,32007081.0,791481.0,107.0,0.975609756097561,0.0,0.0,0.024390243902439025,0.07317073170731707,8.317073170731707,31,2025-06-04,10,0.17311124330755506,15.12,Routine,Bihar,KAIMUR,BHABUA)(DISTRICT PLANNING OFFICER KAIMUR BHABUA,2
bihar|katihardistrictplanningofficerkatiharida,16,15915840.0,994740.0,323.0,1.0,0.0,0.0,0.0,0.9375,39.4375,41,2026-01-09,1,1.0,39.91,Low,Bihar,KATIHAR,DISTRICT PLANNING OFFICER KATIHAR,1
bihar|khagariadistrictplanningofficerkhagariaida,16,15205140.0,993401.0,143.0,1.0,0.0,0.0,0.0,0.5625,14.625,18,2025-05-21,3,0.4921875,15.64,Routine,Bihar,KHAGARIA,DISTRICT PLANNING OFFICER KHAGARIA,1
bihar|kishanganjdistrictplanningofficerkishanganjida,20,12982000.0,649100.0,89.0,1.0,0.0,0.0,0.0,0.0,6.0,6,2025-01-05,1,1.0,6.0,Routine,Bihar,KISHANGANJ,DISTRICT PLANNING OFFICER KISHANGANJ,1
bihar|madhubanidistrictplanningofficermadhubaniida,37,38844442.0,1096000.0,180.0,0.7567567567567568,0.0,0.0,0.0,0.0,9.35135135135135,24,2026-04-22,6,0.22132943754565376,13.75,Routine,Bihar,MADHUBANI,DISTRICT PLANNING OFFICER MADHUBANI,2
bihar|muzaffarpurdistrictplanningofficermuzaffarpurida,6,30000000.0,5000000.0,9.0,0.0,0.0,0.0,1.0,0.3333333333333333,29.0,37,2024-10-15,1,1.0,31.4,Low,Bihar,MUZAFFARPUR,DISTRICT PLANNING OFFICER MUZAFFARPUR,1
bihar|patnadistrictplanningofficerpatnaida,8,5144500.0,246500.0,69.0,0.625,0.125,0.0,0.0,0.0,6.875,21,2025-03-27,4,0.28125,11.11,Routine,Bihar,PATNA,DISTRICT PLANNING OFFICER PATNA,1
bihar|purbichamparandistrictplanningofficermothiharieastchamparanida,13,17846559.0,1483462.0,40.0,0.46153846153846156,0.0,0.0,0.6153846153846154,0.0,18.153846153846153,31,2025-01-23,4,0.3254437869822485,22.01,Low,Bihar,PURBI CHAMPARAN,DISTRICT PLANNING OFFICER MOTHIHARI EAST CHAMPARAN,1
bihar|purniadistrictplanningofficerpurniaida,62,50520000.0,850000.0,74.0,1.0,0.0,0.0,0.016129032258064516,0.11290322580645161,7.5,31,2025-04-26,2,0.5421436004162331,14.55,Routine,Bihar,PURNIA,DISTRICT PLANNING OFFICER PURNIA,2
bihar|rohtasdistrictplanningofficerrohtasida,13,14296605.0,1173737.0,118.0,1.0,0.0,0.0,0.0,0.0,6.0,6,2025-03-01,3,0.727810650887574,6.0,Routine,Bihar,ROHTAS,District Planning Officer Rohtas,3
bihar|siwandistrictplanningofficersiwanida,33,32846242.0,958500.0,191.0,0.9696969696969697,0.0,0.0,0.0,1.0,23.575757575757574,28,2025-05-20,3,0.47291092745638197,24.9,Low,Bihar,SIWAN,DISTRICT PLANNING OFFICER SIWAN,1
bihar|supauldistrictplanningofficersupaulida,34,38902384.0,921000.0,180.0,1.0,0.0,0.0,0.029411764705882353,0.9117647058823529,23.91176470588235,31,2025-09-10,4,0.607266435986159,26.04,Low,Bihar,SUPAUL,DISTRICT PLANNING OFFICER SUPAUL,1
chhattisgarh|balodabazarbhataparacollectorbalodabazarida,3,2597786.0,998300.0,25.0,0.3333333333333333,0.0,0.0,0.0,0.0,2.0,6,2025-01-14,3,0.3333333333333333,3.2,Routine,Chhattisgarh,Balodabazar-Bhatapara,Collector Baloda Bazar,1
chhattisgarh|balrampurramanujganjdistrictcollectorbalrampurida,5,5000000.0,1000000.0,203.0,1.0,1.0,0.0,0.0,0.6,33.4,35,2025-03-26,1,1.0,33.88,Low,Chhattisgarh,Balrampur-Ramanujganj,District Collector BALRAMPUR,1
chhattisgarh|bastardistrictcollectorbastarida,26,17759316.0,583000.0,55.0,1.0,0.0,0.0,0.11538461538461539,0.0,9.653846153846153,31,2025-05-22,6,0.2366863905325444,16.06,Routine,Chhattisgarh,BASTAR,DISTRICT COLLECTOR BASTAR,1
chhattisgarh|bijapurcollectorbijapurida,11,8745538.0,750000.0,75.0,1.0,0.36363636363636365,0.0,0.18181818181818182,0.0,16.0,46,2025-01-09,4,0.30578512396694213,25.0,Low,Chhattisgarh,BIJAPUR,Collector Bijapur,1
chhattisgarh|bilaspurdistrictcollectorbilaspurida,17,10699797.0,500000.0,47.0,0.7058823529411765,0.4117647058823529,0.058823529411764705,0.11764705882352941,0.0,14.529411764705882,41,2025-05-30,4,0.41868512110726647,22.47,Low,Chhattisgarh,BILASPUR,DISTRICT COLLECTOR BILASPUR,1
chhattisgarh|durgdistrictcollectordurgida,1,1000000.0,1000000.0,3.0,0.0,1.0,0.0,1.0,0.0,40.0,40,2024-08-23,1,1.0,40.0,Medium,Chhattisgarh,DURG,DISTRICT COLLECTOR DURG,1
chhattisgarh|gariyabandcollectrogariabandida,1,250000.0,250000.0,50.0,1.0,0.0,0.0,0.0,0.0,6.0,6,2024-12-26,1,1.0,6.0,Routine,Chhattisgarh,GARIYABAND,Collectro Gariaband,1
chhattisgarh|gaurelapendramarwahicollectorgpmida,39,12328129.0,200000.0,34.0,0.10256410256410256,0.358974358974359,0.05128205128205128,0.0,0.05128205128205128,6.461538461538462,31,2025-03-18,5,0.45430637738330054,13.82,Routine,Chhattisgarh,Gaurela-Pendra-Marwahi,Collector GPM,1
chhattisgarh|janjgirchampadistrictcollectorjanjgirchampaida,19,15250491.0,800000.0,21.0,0.0,0.0,0.0,0.0,0.15789473684210525,1.894736842105263,12,2024-11-22,4,0.5734072022160663,4.93,Routine,Chhattisgarh,JANJGIR-CHAMPA,DISTRICT COLLECTOR JANJGIR CHAMPA,1
chhattisgarh|jashpurdistrictcollectorjashpurida,17,14396637.0,800000.0,27.0,0.23529411764705882,0.11764705882352941,0.0,0.0,0.8235294117647058,12.117647058823529,25,2025-04-11,5,0.34256055363321797,15.98,Routine,Chhattisgarh,JASHPUR,DISTRICT COLLECTOR JASHPUR,1
chhattisgarh|kondagaondistrictcollectorkondagaonida,5,3697695.0,897695.0,90.0,1.0,0.6,0.0,0.0,0.0,17.0,31,2025-05-06,4,0.28,21.2,Low,Chhattisgarh,KONDAGAON,DISTRICT COLLECTOR KONDAGAON,1
chhattisgarh|korbacollectorkorba,48,18036093.0,374527.5,32.0,0.25,0.0,0.0,0.0,0.0,2.125,16,2025-05-28,11,0.17968750000000003,6.29,Routine,Chhattisgarh,KORBA,Collector-Korba,1
chhattisgarh|koreacollectorkoreaida,1,300000.0,300000.0,213.0,1.0,0.0,0.0,0.0,0.0,16.0,16,2025-05-06,1,1.0,16.0,Routine,Chhattisgarh,KOREA,Collector Korea,1
chhattisgarh|mahasamunddistrictcollectormahasamundida,35,18719977.0,499666.0,40.0,0.4857142857142857,0.0,0.0,0.22857142857142856,0.4857142857142857,13.542857142857143,37,2025-05-15,6,0.24571428571428572,20.58,Low,Chhattisgarh,MAHASAMUND,DISTRICT COLLECTOR MAHASAMUND,1
chhattisgarh|manendragarhchirmiribharatpurmcbcollectormcbida,3,1000000.0,300000.0,59.0,1.0,0.0,0.0,0.0,0.0,6.0,6,2024-12-03,1,1.0,6.0,Routine,Chhattisgarh,Manendragarh-Chirmiri-Bharatpur,M C B)(Collector MCB,1
chhattisgarh|mohlamanpurambagarhchoukicollectormmcida,1,2499475.0,2499475.0,98.0,1.0,0.0,0.0,1.0,0.0,31.0,31,2025-01-03,1,1.0,31.0,Low,Chhattisgarh,Mohla-Manpur-Ambagarh Chouki,Collector MMC,1
chhattisgarh|mungelicollectormungeliida,11,7783857.0,499560.0,21.0,0.0,0.09090909090909091,0.09090909090909091,0.09090909090909091,0.0,3.6363636363636362,40,2024-12-27,5,0.22314049586776857,14.55,Routine,Chhattisgarh,MUNGELI,Collector Mungeli,1
chhattisgarh|narayanpurcollectornarayanpurida,2,1186000.0,593000.0,169.0,1.0,0.5,0.0,0.0,0.0,13.5,21,2025-03-24,2,0.5,15.75,Routine,Chhattisgarh,NARAYANPUR,Collector Narayanpur,1
chhattisgarh|raigarhdistrictcollectorraigarhida,32,19516713.0,500000.0,175.0,1.0,0.0,0.03125,0.09375,0.59375,19.65625,53,2026-01-19,10,0.345703125,29.66,Low,Chhattisgarh,RAIGARH,DISTRICT COLLECTOR RAIGARH,1
chhattisgarh|raipurdistrictcollectorraipurida,34,21753844.0,500000.0,63.0,0.8823529411764706,0.23529411764705882,0.0,0.08823529411764706,0.0,12.794117647058824,31,2026-02-03,8,0.18685121107266436,18.26,Routine,Chhattisgarh,RAIPUR,DISTRICT COLLECTOR RAIPUR,1
chhattisgarh|rajnandgaondistrictcollectorrajnandgaonida,3,1399900.0,300000.0,31.0,0.0,0.0,0.0,0.0,0.0,0.0,0,2024-12-04,3,0.3333333333333333,0.0,Routine,Chhattisgarh,RAJNANDGAON,DISTRICT COLLECTOR RAJNANDGAON,1
chhattisgarh|sakticollectorsaktiida,40,32118740.0,800000.0,28.0,0.225,0.025,0.0,0.025,0.0,2.6,31,2026-02-05,7,0.6475,11.12,Routine,Chhattisgarh,SAKTI,COLLECTOR SAKTI,1
chhattisgarh|sarangarhbilaigarhcollectorsbida,24,15867395.0,549898.0,43.0,0.08333333333333333,0.0,0.0,0.0,0.8333333333333334,13.416666666666666,25,2024-12-24,4,0.32291666666666663,16.89,Routine,Chhattisgarh,Sarangarh-Bilaigarh,Collector SB,2
chhattisgarh|sukmacollectorsukmaida,7,3842910.0,500000.0,84.0,1.0,0.42857142857142855,0.0,0.0,0.0,12.428571428571429,21,2024-12-30,5,0.22448979591836732,15.0,Routine,Chhattisgarh,SUKMA,Collector Sukma,1
chhattisgarh|surgujacollectorsurgujaida,5,4997500.0,999500.0,84.0,1.0,0.0,0.0,0.0,0.6,8.4,10,2024-11-25,1,1.0,8.88,Routine,Chhattisgarh,SURGUJA,Collector Surguja,1
delhi|centralcommissionermcdcentraldistrict,1,321397.0,321397.0,52.0,1.0,0.0,0.0,0.0,0.0,6.0,6,2025-01-07,1,1.0,6.0,Routine,Delhi,CENTRAL,COMMISSIONER MCD (CENTRAL DISTRICT),1
delhi|eastcommissionereast,8,6331847.0,761500.0,60.0,1.0,0.0,0.0,0.25,0.25,17.75,53,2025-08-08,2,0.625,28.32,Low,Delhi,EAST,COMMISSIONER EAST,2
delhi|southcommissionersouth,1,441685.0,441685.0,125.0,1.0,0.0,0.0,0.0,0.0,6.0,6,2025-03-21,1,1.0,6.0,Routine,Delhi,SOUTH,COMMISSIONER SOUTH,1
delhi|southeastcommissionermcdsoutheastida,1,1997268.0,1997268.0,136.0,1.0,0.0,0.0,1.0,0.0,31.0,31,2025-04-03,1,1.0,31.0,Low,Delhi,South East,COMMISSIONER MCD SOUTH EAST,1
goa|northgoadistrictcollectornorthgoaida,8,3410000.0,130000.0,371.0,1.0,0.0,0.0,0.0,0.0,16.0,16,2026-01-16,2,0.78125,16.0,Routine,Goa,NORTH GOA,DISTRICT COLLECTOR NORTH GOA,1
gujarat|ahmedabaddistrictcollectorahmadabadida,3,2449505.0,999505.0,206.0,1.0,0.3333333333333333,0.0,0.0,0.0,20.333333333333332,31,2025-09-03,2,0.5555555555555556,23.53,Low,Gujarat,Ahmedabad,DISTRICT COLLECTOR AHMADABAD,2
gujarat|amrelidistrictcollectoramreliida,49,15975412.0,300000.0,128.0,1.0,0.20408163265306123,0.0,0.0,0.0,12.326530612244898,31,2026-01-31,9,0.6401499375260308,17.93,Routine,Gujarat,AMRELI,DISTRICT COLLECTOR AMRELI,1
gujarat|ananddistrictcollectoranandida,5,970351.0,149456.0,82.0,0.8,0.0,0.0,0.0,0.0,6.8,16,2025-05-30,4,0.28,9.56,Routine,Gujarat,ANAND,District Collector ANAND,1
gujarat|arvallidistrictcollectorarvalliida,10,4150000.0,400000.0,80.5,1.0,0.2,0.5,0.0,0.0,10.0,21,2025-12-03,6,0.30000000000000004,13.3,Routine,Gujarat,ARVALLI,DISTRICT COLLECTOR ARVALLI,1
gujarat|bhavnagardistrictcollectorbhavnagarida,3,1097358.0,300000.0,151.0,0.6666666666666666,0.3333333333333333,0.0,0.0,0.0,12.333333333333334,31,2025-10-10,2,0.5555555555555556,17.93,Routine,Gujarat,BHAVNAGAR,DISTRICT COLLECTOR BHAVNAGAR,1
gujarat|dahoddistrictcollectordohadida,116,37435188.0,250000.0,253.0,1.0,0.5517241379310345,0.0,0.02586206896551724,0.017241379310344827,22.146551724137932,56,2026-06-30,10,0.37901307966706294,32.3,Low,Gujarat,Dahod,DISTRICT COLLECTOR DOHAD,1
gujarat|devbhumidwarkadistrictcollectordevbhumidwarkaida,1,298400.0,298400.0,91.0,1.0,0.0,0.0,0.0,0.0,6.0,6,2025-02-05,1,1.0,6.0,Routine,Gujarat,DEVBHUMI DWARKA,DISTRICT COLLECTOR DEVBHUMI DWARKA,1
gujarat|gandhinagardistrictcollectorgandhinagarida,1,495000.0,495000.0,257.0,1.0,0.0,0.0,0.0,0.0,16.0,16,2025-07-21,1,1.0,16.0,Routine,Gujarat,GANDHINAGAR,DISTRICT COLLECTOR GANDHINAGAR,1
gujarat|girsomnathdistrictcollectorgirsomnathida,3,850000.0,300000.0,50.0,1.0,0.0,0.0,0.0,0.0,6.0,6,2024-12-24,2,0.5555555555555556,6.0,Routine,Gujarat,GIR SOMNATH,DISTRICT COLLECTOR GIR SOMNATH,1
gujarat|kachchhdistrictcollectorkutchida,5,2461849.0,500000.0,175.0,1.0,0.0,0.0,0.0,0.4,11.6,16,2025-03-27,1,1.0,12.92,Routine,Gujarat,KACHCHH,DISTRICT COLLECTOR KUTCH,1
gujarat|mahesanadistrictcollectormahesanaida,5,2300000.0,500000.0,321.0,1.0,0.0,0.0,0.0,0.8,36.0,41,2025-08-21,2,0.6800000000000002,37.5,Low,Gujarat,MAHESANA,DISTRICT COLLECTOR MAHESANA,1
gujarat|mahisagarcollectormahisagarida,4,2000000.0,500000.0,228.5,1.0,0.75,0.0,0.0,0.0,24.75,31,2025-04-30,4,0.25,26.62,Low,Gujarat,Mahisagar,COLLECTOR MAHISAGAR,1
gujarat|morbidistrictcollectormorbiida,1,500000.0,500000.0,92.0,1.0,0.0,0.0,0.0,0.0,6.0,6,2024-12-20,1,1.0,6.0,Routine,Gujarat,MORBI,District collector Morbi,1
gujarat|navsaridistrictcollectornavsariida,1,500000.0,500000.0,44.0,0.0,0.0,0.0,0.0,0.0,0.0,0,2024-10-17,1,1.0,0.0,Routine,Gujarat,NAVSARI,DISTRICT COLLECTOR NAVSARI,1
gujarat|rajkotdistrictcollectorrajkotida,11,5286525.0,499813.0,107.0,1.0,0.09090909090909091,0.0,0.0,0.0,7.363636363636363,21,2025-02-01,4,0.5537190082644627,11.45,Routine,Gujarat,RAJKOT,DISTRICT COLLECTOR RAJKOT,1
gujarat|sabarkanthadistrictcollectorsabarkanthaida,20,9796000.0,500000.0,65.0,0.9,0.25,0.0,0.15,0.0,13.4,46,2025-04-24,8,0.2,23.18,Low,Gujarat,SABAR KANTHA,DISTRICT COLLECTOR SABARKANTHA,1
gujarat|suratdistrictcollectorsuratida,41,13815084.0,192000.0,78.0,0.926829268292683,0.12195121951219512,0.0,0.04878048780487805,0.2926829268292683,11.731707317073171,31,2026-08-25,12,0.2373587150505652,17.51,Routine,Gujarat,SURAT,DISTRICT COLLECTOR SURAT,1
gujarat|tapidistrictcollectortapiida,5,823500.0,146500.0,250.0,1.0,0.4,0.0,0.0,0.4,25.2,39,2025-10-30,1,1.0,29.34,Low,Gujarat,TAPI,District collector Tapi,1
gujarat|vadodaradistrictcollectorvadodaraida,9,10206868.0,1166400.0,71.0,1.0,0.0,0.0,0.0,0.0,6.0,6,2024-12-13,2,0.8024691358024691,6.0,Routine,Gujarat,VADODARA,DISTRICT COLLECTOR VADODARA,1
haryana|bhiwanidccumnodalofficermpladsbhiwani,1,491257.0,491257.0,215.0,1.0,0.0,0.0,0.0,0.0,16.0,16,2025-05-26,1,1.0,16.0,Routine,Haryana,BHIWANI,DC Cum Nodal Officer MPLADS Bhiwani,1
haryana|charkhidadrideputycommissionercharkhidadriida,2,133500.0,66750.0,51.0,0.5,1.0,0.0,0.0,0.0,18.0,21,2024-12-27,1,1.0,18.9,Routine,Haryana,Charkhi Dadri,Deputy Commissioner Charkhi Dadri,1
haryana|gurugramdccumnodalofficermplads5,2,1900000.0,950000.0,152.5,1.0,1.0,0.0,0.0,0.0,26.0,31,2025-05-13,2,0.5,27.5,Low,Haryana,GURUGRAM,DC CUM NODAL OFFICER MPLADS_5,1
haryana|hisardeputycommissionerhissarida,14,12348551.0,599976.5,70.0,1.0,0.7857142857142857,0.07142857142857142,0.2857142857142857,0.0,26.357142857142858,46,2026-05-21,6,0.3163265306122449,32.25,Low,Haryana,HISAR,DEPUTY COMMISSIONER HISSAR,3
haryana|jhajjardeputycommissionercumnodalofficermpladsjhajjar,20,13572221.0,500000.0,115.0,1.0,0.3,0.05,0.1,0.25,17.0,56,2025-09-01,4,0.655,28.7,Low,Haryana,JHAJJAR,DEPUTY COMMISSIONER cum NODAL OFFICER MPLADS JHAJJAR,1
haryana|kaithaldccumnodalofficersmplads,4,1397364.0,388939.5,134.0,1.0,0.0,0.25,0.0,0.0,6.0,6,2025-04-22,2,0.5,6.0,Routine,Haryana,KAITHAL,DC CUM NODAL OFFICERS MPLADS,1
haryana|kurukshetradeputycommissionerkurukshetraida,5,3416019.0,945264.0,59.0,0.6,0.2,0.0,0.2,0.0,13.6,56,2025-09-02,3,0.44000000000000006,26.32,Low,Haryana,KURUKSHETRA,DEPUTY COMMISSIONER KURUKSHETRA,1
haryana|rewaridistrictcommissionerrewari,5,4807691.0,800000.0,74.0,0.8,0.0,0.2,0.2,0.0,9.8,25,2024-12-19,4,0.28,14.36,Routine,Haryana,REWARI,District Commissioner Rewari,2
haryana|rohtakdeputycommissionerrohtakida,8,9000000.0,1100000.0,240.0,1.0,0.375,0.5,0.375,0.0,26.0,41,2026-06-19,7,0.15625,30.5,Low,Haryana,ROHTAK,DEPUTY COMMISSIONER ROHTAK,1
haryana|sonipatdeputycommissionersonepatida,3,1344000.0,499000.0,54.0,1.0,0.0,0.0,0.0,0.0,9.333333333333334,16,2026-02-17,3,0.3333333333333333,11.33,Routine,Haryana,SONIPAT,DEPUTY COMMISSIONER SONEPAT,1
himachalpradesh|chambadeputycommissionerchambaida,2,800000.0,400000.0,109.0,1.0,0.5,0.0,0.0,0.0,13.5,21,2025-03-12,2,0.5,15.75,Routine,Himachal Pradesh,CHAMBA,DEPUTY COMMISSIONER CHAMBA,1
himachalpradesh|kangradeputycommissionerkangraida,12,1844144.0,100000.0,121.0,1.0,0.3333333333333333,0.4166666666666667,0.0,0.16666666666666666,16.333333333333332,33,2025-07-24,4,0.48611111111111105,21.33,Low,Himachal Pradesh,KANGRA,DEPUTY COMMISSIONER KANGRA,1
himachalpradesh|kulludeputycommissionerkulluida,11,7993740.0,500000.0,54.0,0.6363636363636364,0.6363636363636364,0.0,0.18181818181818182,0.0,19.727272727272727,46,2025-12-19,8,0.14049586776859505,27.61,Low,Himachal Pradesh,KULLU,DEPUTY COMMISSIONER KULLU,1
himachalpradesh|mandideputycommissionermandiida,13,5110715.0,200000.0,39.0,0.46153846153846156,0.07692307692307693,0.0,0.07692307692307693,0.15384615384615385,12.923076923076923,25,2026-07-21,9,0.13609467455621305,16.55,Routine,Himachal Pradesh,MANDI,DEPUTY COMMISSIONER MANDI,1
himachalpradesh|shimladeputycommissionershimlaida,8,2590000.0,300000.0,103.0,1.0,0.0,0.625,0.0,0.0,6.0,6,2025-02-15,4,0.34375,6.0,Routine,Himachal Pradesh,SHIMLA,DEPUTY COMMISSIONER SHIMLA,1
himachalpradesh|sirmaurdeputycommissionersirmourida,17,3760000.0,200000.0,143.0,0.8235294117647058,0.058823529411764705,0.058823529411764705,0.0,0.17647058823529413,11.235294117647058,31,2025-10-30,6,0.27335640138408307,17.16,Routine,Himachal Pradesh,SIRMAUR,DEPUTY COMMISSIONER SIRMOUR,1
himachalpradesh|solandeputycommissionersolanida,5,1100000.0,250000.0,156.0,0.8,0.6,0.0,0.0,0.0,17.8,31,2025-11-17,4,0.28,21.76,Low,Himachal Pradesh,SOLAN,DEPUTY COMMISSIONER SOLAN,1
jammuandkashmir|dodadeputycommissionerdodaida,7,1469200.0,200000.0,62.0,1.0,0.0,0.0,0.0,0.0,7.428571428571429,16,2025-05-01,3,0.5510204081632654,10.0,Routine,Jammu And Kashmir,DODA,Deputy Commissioner Doda,1
jammuandkashmir|kathuadistrictdevelopmentcommissionerkathuaida,42,7772689.0,162500.0,78.0,1.0,0.023809523809523808,0.0,0.0,0.047619047619047616,6.785714285714286,21,2025-07-09,6,0.39002267573696137,11.05,Routine,Jammu And Kashmir,KATHUA,DISTRICT DEVELOPMENT COMMISSIONER KATHUA,1
jammuandkashmir|rambandeputycommissionerrambanida,2,600000.0,300000.0,209.0,1.0,0.0,0.0,0.0,0.0,16.0,16,2025-05-19,2,0.5,16.0,Routine,Jammu And Kashmir,RAMBAN,Deputy Commissioner Ramban,1
jammuandkashmir|udhampurdeputycommissionerudhampurida,11,2121357.0,179271.0,65.0,1.0,0.09090909090909091,0.18181818181818182,0.0,0.0,7.363636363636363,21,2025-01-21,4,0.3223140495867768,11.45,Routine,Jammu And Kashmir,UDHAMPUR,Deputy Commissioner Udhampur,1
jharkhand|bokarodeputycommissionerbokaroida,372,22990000.0,22000.0,29.0,0.002688172043010753,1.0,0.0,0.21774193548387097,0.005376344086021506,21.427419354838708,48,2024-12-31,1,1.0,29.4,Low,Jharkhand,BOKARO,DEPUTY COMMISSIONER BOKARO,1
jharkhand|dumkadeputycommissionerdumkaida,19,7000000.0,300000.0,97.0,1.0,0.0,0.0,0.0,0.0,6.0,6,2024-12-20,5,0.4515235457063711,6.0,Routine,Jharkhand,DUMKA,DEPUTY COMMISSIONER DUMKA,1
jharkhand|giridihdeputycommissionergiridhida,79,15746462.0,150000.0,140.0,1.0,0.6708860759493671,0.012658227848101266,0.21518987341772153,0.0,21.443037974683545,46,2025-03-01,1,1.0,28.81,Low,Jharkhand,GIRIDIH,Deputy Commissioner Giridh,1
jharkhand|khuntideputycommissionerkhuntiida,40,24900000.0,500000.0,37.0,0.075,0.825,0.0,0.075,0.0,14.7,40,2024-10-14,6,0.7274999999999998,22.29,Low,Jharkhand,KHUNTI,DEPUTY COMMISSIONER KHUNTI,1
jharkhand|ranchideputycommissionerranchiida,70,48616100.0,599350.0,83.0,0.8857142857142857,0.34285714285714286,0.0,0.07142857142857142,0.02857142857142857,12.357142857142858,46,2024-12-31,7,0.36571428571428577,22.45,Low,Jharkhand,RANCHI,DEPUTY COMMISSIONER RANCHI,2
jharkhand|saraikelakharsawandeputycommissionersaraikelaida,9,5000000.0,500000.0,29.0,0.0,1.0,0.0,0.0,0.0,15.0,15,2024-10-09,2,0.654320987654321,15.0,Routine,Jharkhand,SARAIKELA KHARSAWAN,Deputy Commissioner saraikela,1
jharkhand|simdegadeputycommissionersimdegaida,18,11500000.0,600000.0,30.0,0.0,0.0,1.0,0.0,0.0,0.0,0,2024-10-14,4,0.7037037037037038,0.0,Routine,Jharkhand,SIMDEGA,Deputy Commissioner simdega,1
jharkhand|westsinghbhumdeputycommissionerwestsinghbhumida,3,1500000.0,500000.0,177.0,1.0,0.0,0.0,0.0,0.0,6.0,6,2025-03-27,1,1.0,6.0,Routine,Jharkhand,WEST SINGHBHUM,DEPUTY COMMISSIONER WEST SINGHBHUM,1
karnataka|belagavideputycommissionerbelgaumida,2,1050000.0,525000.0,446.0,1.0,0.0,1.0,0.0,0.0,16.0,16,2026-02-16,2,0.5,16.0,Routine,Karnataka,BELAGAVI,DEPUTY COMMISSIONER BELGAUM,1
karnataka|bengalurusouthdeputycommissionerramanagaraida,35,18000000.0,500000.0,138.0,1.0,0.0,0.08571428571428572,0.0,0.0,8.285714285714286,16,2025-08-08,6,0.430204081632653,10.6,Routine,Karnataka,Bengaluru South,DEPUTY COMMISSIONER RAMANAGARA,1
karnataka|bengaluruurbandeputycommissionerbangaloreurbanida,15,14634394.0,500000.0,186.0,1.0,0.2,0.0,0.4,0.0,29.933333333333334,49,2026-08-19,9,0.17333333333333334,35.65,Low,Karnataka,BENGALURU URBAN,DEPUTY COMMISSIONER BANGALORE URBAN,3
karnataka|bidardeputycommissionerbidarida,3,750000.0,250000.0,234.0,1.0,0.0,0.0,0.0,1.0,28.0,28,2025-07-07,1,1.0,28.0,Low,Karnataka,BIDAR,DEPUTY COMMISSIONER BIDAR,1
karnataka|chikkamagalurudeputycommissionerchikmagalur,1,496984.0,496984.0,536.0,1.0,0.0,0.0,0.0,0.0,16.0,16,2026-02-09,1,1.0,16.0,Routine,Karnataka,CHIKKAMAGALURU,DEPUTY COMMISSIONER CHIKMAGALUR,1
karnataka|dharwaddeputycommissionerdharwarida,15,6320363.0,400000.0,44.0,0.4,0.26666666666666666,0.0,0.0,0.0,9.066666666666666,31,2025-09-18,2,0.8755555555555556,15.65,Routine,Karnataka,DHARWAD,DEPUTY COMMISSIONER DHARWAR,1
karnataka|hassandeputycommissionerhassanida,1,1000000.0,1000000.0,151.0,1.0,0.0,0.0,0.0,0.0,6.0,6,2025-03-17,1,1.0,6.0,Routine,Karnataka,HASSAN,DEPUTY COMMISSIONER HASSAN,1
karnataka|haverideputycommissionerhaveriida,1,1500000.0,1500000.0,325.0,1.0,0.0,0.0,1.0,0.0,41.0,41,2025-05-29,1,1.0,41.0,Medium,Karnataka,HAVERI,DEPUTY COMMISSIONER HAVERI,1
karnataka|tumakurudeputycommissionertumkurida,6,2800000.0,500000.0,283.0,1.0,0.5,0.16666666666666666,0.0,0.0,23.5,31,2025-08-30,2,0.7222222222222223,25.75,Low,Karnataka,TUMAKURU,DEPUTY COMMISSIONER TUMKUR,1
karnataka|udupideputycommissionerudupiida,27,12793048.0,500000.0,250.0,1.0,0.14814814814814814,0.1111111111111111,0.037037037037037035,0.0,18.40740740740741,41,2026-08-29,3,0.8600823045267489,25.19,Low,Karnataka,UDUPI,DEPUTY COMMISSIONER UDUPI,1
karnataka|uttarakannadadeputycommissioneruttarkannadakarwarida,7,5700000.0,800000.0,363.0,1.0,0.0,0.7142857142857143,0.0,0.0,11.714285714285714,16,2026-05-21,3,0.3877551020408163,13.0,Routine,Karnataka,UTTARA KANNADA,DEPUTY COMMISSIONER UTTARKANNADA KARWAR,1
kerala|alappuzhadistrictcollectoralappuzhaida,13,17403972.0,1500000.0,433.0,1.0,0.23076923076923078,0.07692307692307693,0.23076923076923078,0.0,25.846153846153847,56,2026-02-27,8,0.1597633136094675,34.89,Low,Kerala,ALAPPUZHA,DISTRICT COLLECTOR ALAPPUZHA,1
kerala|ernakulamdistrictcollectorernakulamida,76,42280777.0,215496.0,153.5,1.0,0.06578947368421052,0.0,0.039473684210526314,0.039473684210526314,10.368421052631579,56,2026-01-15,8,0.4948060941828255,24.06,Low,Kerala,ERNAKULAM,DISTRICT COLLECTOR ERNAKULAM,3
kerala|idukkidistrictcollectoridukkiida,29,14619932.0,215496.0,143.0,1.0,0.06896551724137931,0.0,0.034482758620689655,0.0,8.586206896551724,31,2025-07-02,5,0.5576694411414984,15.31,Routine,Kerala,IDUKKI,DISTRICT COLLECTOR IDUKKI,1
kerala|kannurdistrictcollectorkannurida,39,15815233.0,300000.0,377.0,1.0,0.1794871794871795,0.05128205128205128,0.0,0.1282051282051282,20.025641025641026,41,2026-06-25,5,0.3228139381985535,26.32,Low,Kerala,KANNUR,DISTRICT COLLECTOR KANNUR,2
kerala|kasaragoddistrictcollectorkasaragodida,19,7787009.0,299169.0,247.0,1.0,0.05263157894736842,0.0,0.10526315789473684,0.0,18.894736842105264,41,2026-01-10,3,0.7229916897506924,25.53,Low,Kerala,KASARAGOD,DISTRICT COLLECTOR KASARAGOD,1
kerala|kollamdistrictcollectorkollamida,27,38871708.34,1250000.0,124.0,0.7407407407407407,0.2222222222222222,0.0,0.2222222222222222,0.0,17.40740740740741,56,2025-08-11,11,0.14677640603566533,28.99,Low,Kerala,KOLLAM,DISTRICT COLLECTOR KOLLAM,3
kerala|kottayamdistrictcollectorkottayamida,39,15367004.0,218793.0,148.0,1.0,0.20512820512820512,0.0,0.0,0.0,12.923076923076923,31,2026-03-10,8,0.43721236028928345,18.35,Routine,Kerala,KOTTAYAM,DISTRICT COLLECTOR KOTTAYAM,2
kerala|pathanamthittadistrictcollectorpathanamthittaida,48,19139595.0,220325.0,182.5,1.0,0.2708333333333333,0.0,0.0625,0.0,17.0,56,2026-07-09,11,0.38888888888888884,28.7,Low,Kerala,PATHANAMTHITTA,DISTRICT COLLECTOR PATHANAMTHITTA,1
kerala|thrissurdistrictcollectorthrissurida,3,6175238.0,1803729.0,116.0,1.0,0.3333333333333333,0.0,0.3333333333333333,0.0,22.666666666666668,31,2025-11-06,3,0.3333333333333333,25.17,Low,Kerala,THRISSUR,DISTRICT COLLECTOR THRISSUR,2
madhyapradesh|anuppurdistrictcollectoranuppurida,5,6473040.0,1479000.0,44.0,0.0,0.0,0.0,0.0,0.0,0.0,0,2024-11-20,2,0.6800000000000002,0.0,Routine,Madhya Pradesh,ANUPPUR,DISTRICT COLLECTOR ANUPPUR,1
madhyapradesh|ashoknagardistrictcollectorashoknagarida,7,6984273.0,999442.0,52.0,1.0,0.14285714285714285,0.0,0.0,0.7142857142857143,16.714285714285715,21,2025-01-06,2,0.510204081632653,18.0,Routine,Madhya Pradesh,ASHOKNAGAR,DISTRICT COLLECTOR ASHOKNAGAR,1
madhyapradesh|barwanidistrictcollectorbadwaniida,67,22032120.0,200000.0,70.0,0.582089552238806,0.29850746268656714,0.014925373134328358,0.014925373134328358,0.14925373134328357,13.119402985074627,56,2025-09-27,7,0.26175094675874355,25.98,Low,Madhya Pradesh,BARWANI,DISTRICT COLLECTOR BADWANI,1
madhyapradesh|betuldistrictcollectorbetulida,91,20115526.0,190546.0,77.0,1.0,0.0,0.0,0.0,0.21978021978021978,9.648351648351648,31,2025-02-20,2,0.5073058809322546,16.05,Routine,Madhya Pradesh,BETUL,DISTRICT COLLECTOR BETUL,1
madhyapradesh|burhanpurdistrictcollectorburhanpurida,13,2561813.0,100000.0,122.0,0.7692307692307693,0.0,0.0,0.0,0.6153846153846154,20.0,31,2025-03-12,5,0.42011834319526625,23.3,Low,Madhya Pradesh,BURHANPUR,District Collector Burhanpur,1
madhyapradesh|chhatarpurdistrictcollectorchhatarpurida,27,19691061.0,800000.0,87.0,1.0,0.4074074074074074,0.0,0.037037037037037035,0.5925925925925926,21.77777777777778,43,2026-01-08,2,0.615912208504801,28.14,Low,Madhya Pradesh,CHHATARPUR,District Collector Chhatarpur,2
madhyapradesh|chhindwaradistrictcollectorchhindwaraida,4,750000.0,150000.0,31.0,0.25,0.0,0.0,0.0,0.0,1.5,6,2024-12-30,2,0.625,2.85,Routine,Madhya Pradesh,CHHINDWARA,DISTRICT COLLECTOR CHHINDWARA,1
madhyapradesh|damohdistrictcollectordamohida,23,7274480.0,198724.0,35.0,0.0,0.043478260869565216,0.08695652173913043,0.043478260869565216,0.0,1.7391304347826086,40,2024-12-02,2,0.7731568998109641,13.22,Routine,Madhya Pradesh,DAMOH,DISTRICT COLLECTOR DAMOH,1
madhyapradesh|dewasdistrictcollectordewasida,3,900000.0,200000.0,169.0,1.0,0.6666666666666666,0.0,0.0,0.0,19.333333333333332,21,2026-05-20,2,0.5555555555555556,19.83,Routine,Madhya Pradesh,DEWAS,DISTRICT COLLECTOR DEWAS,1
madhyapradesh|dhardistrictcollectordharida,34,5644884.0,166026.0,34.0,0.0,0.0,0.0,0.0,1.0,24.38235294117647,25,2024-12-24,1,1.0,24.57,Low,Madhya Pradesh,DHAR,DISTRICT COLLECTOR DHAR,1
madhyapradesh|gunadistrictcollectorgunaida,2,621000.0,310500.0,139.0,1.0,1.0,0.0,0.0,1.0,25.0,25,2025-02-25,1,1.0,25.0,Low,Madhya Pradesh,GUNA,District Collector Guna,1
madhyapradesh|hardadistrictcollectorhardaida,36,10419894.0,259942.0,52.0,0.9722222222222222,0.0,0.0,0.027777777777777776,0.05555555555555555,6.75,25,2025-02-05,2,0.9459876543209875,12.22,Routine,Madhya Pradesh,HARDA,District Collector Harda,1
madhyapradesh|indoredistrictcollectorindoreida,5,1789598.0,424527.0,26.0,0.4,0.4,0.0,0.0,0.0,8.4,21,2025-05-13,2,0.52,12.18,Routine,Madhya Pradesh,INDORE,DISTRICT COLLECTOR INDORE,1
madhyapradesh|khandwaeastnimardistrictcollectoreastnimarida,40,9596006.0,190546.0,134.0,1.0,0.2,0.025,0.025,0.45,21.8,46,2026-04-17,7,0.26374999999999993,29.06,Low,Madhya Pradesh,Khandwa,East Nimar)(DISTRICT COLLECTOR EAST NIMAR,2
madhyapradesh|khargonewestnimardistrictcollectorkhargoneida,92,34395611.0,236003.0,33.0,0.29347826086956524,0.3695652173913043,0.08695652173913043,0.043478260869565216,0.532608695652174,18.391304347826086,46,2025-02-08,9,0.2979678638941399,26.67,Low,Madhya Pradesh,Khargone,West Nimar)(DISTRICT COLLECTOR KHARGONE,2
madhyapradesh|mandsaurdistrictcollectormandsaurida,30,3999246.0,100000.0,108.0,1.0,0.1,0.0,0.0,0.8666666666666667,18.633333333333333,43,2026-02-16,4,0.7066666666666667,25.94,Low,Madhya Pradesh,MANDSAUR,DISTRICT COLLECTOR MANDSAUR,1
madhyapradesh|mauganjdistrictcollectormauganjida,7,9366469.0,1125327.0,78.0,1.0,0.8571428571428571,0.14285714285714285,1.0,1.0,54.714285714285715,58,2025-01-24,3,0.3877551020408163,55.7,Medium,Madhya Pradesh,MAUGANJ,District Collector Mauganj,1
madhyapradesh|narmadapuramdistrictcollectornarmadapuramida,26,2363600.0,95000.0,125.0,0.9615384615384616,0.3076923076923077,0.0,0.0,0.07692307692307693,15.615384615384615,46,2026-06-19,5,0.4319526627218936,24.73,Low,Madhya Pradesh,NARMADAPURAM,DISTRICT COLLECTOR NARMADAPURAM,1
madhyapradesh|narsimhapurdistrictcollectornarsinghpurida,2,312884.0,156442.0,219.0,1.0,1.0,0.0,0.0,0.0,31.0,31,2025-08-21,2,0.5,31.0,Low,Madhya Pradesh,Narsimhapur,DISTRICT COLLECTOR NARSINGHPUR,1
madhyapradesh|neemuchdistrictcollectorneemuchida,26,2794846.0,100000.0,82.0,1.0,0.038461538461538464,0.0,0.0,0.9615384615384616,17.5,25,2024-11-20,3,0.7307692307692307,19.75,Routine,Madhya Pradesh,NEEMUCH,District Collector Neemuch,1
madhyapradesh|niwaridistrictcollectorniwariida,10,11300000.0,1200000.0,135.0,1.0,1.0,0.0,0.0,0.6,28.2,33,2025-03-29,2,0.8200000000000001,29.64,Low,Madhya Pradesh,Niwari,District Collector Niwari,1
madhyapradesh|pandhurnadistrictcollectorpandhurnaida,1,100000.0,100000.0,82.0,1.0,0.0,0.0,0.0,0.0,6.0,6,2025-01-31,1,1.0,6.0,Routine,Madhya Pradesh,Pandhurna,District Collector Pandhurna,1
madhyapradesh|raisendistrictcollectorraisenida,1,115000.0,115000.0,47.0,1.0,1.0,0.0,0.0,0.0,21.0,21,2025-02-04,1,1.0,21.0,Low,Madhya Pradesh,RAISEN,DISTRICT COLLECTOR RAISEN,1
madhyapradesh|rajgarhdistrictcollectorrajgarhida,99,45840547.0,100000.0,229.0,1.0,0.8080808080808081,0.1919191919191919,0.050505050505050504,0.9696969696969697,52.98989898989899,56,2025-04-26,3,0.45515763697581885,53.89,Medium,Madhya Pradesh,RAJGARH,DISTRICT COLLECTOR RAJGARH,1
madhyapradesh|rewadistrictcollectorrewaida,16,22190898.0,874980.0,75.0,1.0,0.9375,0.0,0.8125,1.0,52.375,58,2025-03-28,3,0.34375,54.06,Medium,Madhya Pradesh,REWA,DISTRICT COLLECTOR REWA,1
madhyapradesh|sagardistrictcollectorsagarida,25,16042745.0,500000.0,52.0,0.6,0.2,0.0,0.08,0.0,9.8,31,2025-12-11,7,0.2704,16.16,Routine,Madhya Pradesh,SAGAR,DISTRICT COLLECTOR SAGAR,2
madhyapradesh|seonidistrictcollectorseoniida,8,8000000.0,1000000.0,552.0,0.75,0.0,0.25,0.0,0.0,10.75,16,2026-07-16,2,0.78125,12.32,Routine,Madhya Pradesh,SEONI,District Collector Seoni,1
madhyapradesh|shahdoldistrictcollectorshahdolida,5,6499000.0,1000000.0,61.0,0.8,0.8,0.0,0.2,0.0,21.8,46,2025-03-19,1,1.0,29.06,Low,Madhya Pradesh,SHAHDOL,District Collector Shahdol,2
madhyapradesh|shajapurdistrictcollectorshajapurida,1,1000000.0,1000000.0,28.0,0.0,1.0,0.0,0.0,0.0,15.0,15,2024-12-19,1,1.0,15.0,Routine,Madhya Pradesh,SHAJAPUR,District Collector Shajapur,1
madhyapradesh|sheopurdistrictcollectorsheopurida,21,16400000.0,800000.0,62.0,0.6666666666666666,0.7619047619047619,0.23809523809523808,0.0,0.0,15.428571428571429,21,2025-01-09,3,0.4603174603174603,17.1,Routine,Madhya Pradesh,SHEOPUR,District Collector Sheopur,1
madhyapradesh|shivpuridistrictcollectorshivpuriida,10,5850000.0,585000.0,1.0,0.0,0.0,0.0,1.0,1.0,37.0,37,2024-09-27,1,1.0,37.0,Low,Madhya Pradesh,SHIVPURI,District Collector Shivpuri,1
madhyapradesh|sidhidistrictcollectorsidhiida,98,29498665.0,259942.0,97.0,0.9897959183673469,0.17346938775510204,0.0,0.0,0.02040816326530612,9.255102040816327,31,2025-08-08,6,0.6784673052894628,15.78,Routine,Madhya Pradesh,SIDHI,DISTRICT COLLECTOR SIDHI,1
madhyapradesh|singraulidistrictcollectorsingrauliida,4,4500000.0,1100000.0,48.0,1.0,0.0,1.0,0.0,0.0,6.0,6,2025-01-07,2,0.5,6.0,Routine,Madhya Pradesh,SINGRAULI,District Collector Singrauli,1
madhyapradesh|tikamgarhdistrictcollectortikamgarhida,15,15349039.0,1200000.0,136.0,1.0,0.8666666666666667,0.0,0.0,0.5333333333333333,26.733333333333334,33,2025-07-18,3,0.6622222222222224,28.61,Low,Madhya Pradesh,TIKAMGARH,DISTRICT COLLECTOR TIKAMGARH,1
madhyapradesh|ujjaindistrictcollectorujjainida,24,2400000.0,100000.0,103.0,1.0,0.0,1.0,0.0,1.0,18.0,18,2025-01-20,1,1.0,18.0,Routine,Madhya Pradesh,UJJAIN,DISTRICT COLLECTOR UJJAIN,1
madhyapradesh|vidishadistrictcollectorvidishaida,1,2698500.0,2698500.0,48.0,1.0,0.0,0.0,1.0,0.0,31.0,31,2024-11-13,1,1.0,31.0,Low,Madhya Pradesh,VIDISHA,District Collector Vidisha,1
maharashtra|akoladistrictcollectorakolaida,3,1883603.0,483603.0,59.0,0.6666666666666666,0.0,0.0,0.0,0.0,7.333333333333333,16,2026-04-22,2,0.5555555555555556,9.93,Routine,Maharashtra,AKOLA,DISTRICT COLLECTOR AKOLA,1
maharashtra|amravatidistrictcollectoramravatiida,17,19841000.0,1200000.0,110.0,0.9411764705882353,0.23529411764705882,0.35294117647058826,0.11764705882352941,0.0,13.882352941176471,31,2025-05-15,5,0.27335640138408307,19.02,Routine,Maharashtra,AMRAVATI,DISTRICT COLLECTOR AMRAVATI,1
maharashtra|dharashivdistrictcollectorosmanabadida,5,2849674.0,500000.0,367.0,1.0,0.0,0.0,0.0,0.0,14.0,16,2026-08-03,4,0.28,14.6,Routine,Maharashtra,Dharashiv,DISTRICT COLLECTOR OSMANABAD,1
maharashtra|dhuledistrictcollectordhuleida,2,2000000.0,1000000.0,73.0,1.0,0.0,0.0,1.0,0.0,31.0,31,2024-12-02,1,1.0,31.0,Low,Maharashtra,DHULE,DISTRICT COLLECTOR DHULE,1
maharashtra|jalgaondistrictcollectorjalgaonida,9,15041037.0,1998833.0,159.0,0.7777777777777778,0.1111111111111111,0.1111111111111111,0.3333333333333333,0.0,16.666666666666668,33,2025-05-22,5,0.2839506172839506,21.57,Low,Maharashtra,JALGAON,DISTRICT COLLECTOR JALGAON,2
maharashtra|jalnadistrictcollectorjalnaida,17,14891000.0,899000.0,13.0,0.35294117647058826,1.0,0.0,0.0,0.0,18.294117647058822,31,2025-10-15,2,0.6401384083044982,22.11,Low,Maharashtra,JALNA,DISTRICT COLLECTOR JALNA,1
maharashtra|laturdistrictcollectorlaturida,10,11026734.0,995684.5,550.0,1.0,0.0,0.1,0.0,0.0,16.8,24,2026-08-14,4,0.3400000000000001,18.96,Routine,Maharashtra,LATUR,DISTRICT COLLECTOR LATUR,1
maharashtra|mumbaidistrictcollectormumbaicityida,17,26374739.0,1496175.0,344.0,1.0,0.0,0.0,0.4117647058823529,0.0,26.764705882352942,49,2026-05-18,5,0.5224913494809691,33.44,Low,Maharashtra,MUMBAI,DISTRICT COLLECTOR MUMBAI CITY,1
maharashtra|mumbaisuburbandistrictcollectormumbaisuburbanida,31,61000000.0,2000000.0,492.0,1.0,0.3870967741935484,0.0,0.5161290322580645,0.0,34.96774193548387,56,2026-03-25,9,0.25702393340270546,41.28,Medium,Maharashtra,MUMBAI SUBURBAN,DISTRICT COLLECTOR MUMBAI SUBURBAN,2
maharashtra|nagpurdistrictcollectornagpurida,5,2835493.0,555000.0,3.0,0.0,0.0,0.4,0.6,0.0,15.0,25,2024-09-30,3,0.44000000000000006,18.0,Routine,Maharashtra,NAGPUR,DISTRICT COLLECTOR NAGPUR,1
maharashtra|nandeddistrictcollectornandedida,6,3571053.0,546500.0,272.0,1.0,0.0,0.0,0.0,0.0,16.0,16,2026-07-13,2,0.7222222222222223,16.0,Routine,Maharashtra,NANDED,DISTRICT COLLECTOR NANDED,1
maharashtra|nandurbardistrictcollectornandurbarida,1,1199000.0,1199000.0,367.0,1.0,1.0,0.0,0.0,0.0,31.0,31,2025-08-21,1,1.0,31.0,Low,Maharashtra,NANDURBAR,DISTRICT COLLECTOR NANDURBAR,1
maharashtra|parbhanidistrictcollectorparbhaniida,23,20272301.0,998788.0,34.0,0.4782608695652174,0.13043478260869565,0.043478260869565216,0.0,0.0,5.260869565217392,21,2025-09-12,2,0.500945179584121,9.98,Routine,Maharashtra,PARBHANI,DISTRICT COLLECTOR PARBHANI,1
maharashtra|punedistrictcollectorpuneida,25,23852824.0,998243.0,188.0,0.92,0.04,0.04,0.04,0.0,16.32,41,2026-05-18,5,0.3056,23.72,Low,Maharashtra,PUNE,DISTRICT COLLECTOR PUNE,2
maharashtra|sataradistrictcollectorsataraida,50,43198677.0,1000000.0,110.0,1.0,0.62,0.02,0.0,0.0,17.1,31,2025-08-18,8,0.31520000000000004,21.27,Low,Maharashtra,SATARA,DISTRICT COLLECTOR SATARA,1
maharashtra|solapurdistrictcollectorsolapurida,3,1498986.0,499880.0,312.0,1.0,0.0,0.0,0.0,0.0,12.666666666666666,16,2026-03-09,3,0.3333333333333333,13.67,Routine,Maharashtra,SOLAPUR,DISTRICT COLLECTOR SOLAPUR,2
meghalaya|eastgarohillsdeputycommissionereastgarohillswilliamnagarida,6,2000000.0,300000.0,102.0,1.0,0.0,0.0,0.0,0.0,6.0,6,2025-03-27,2,0.5555555555555556,6.0,Routine,Meghalaya,EAST GARO HILLS,DEPUTY COMMISSIONER EAST GARO HILLS WILLIAMNAGAR,1
meghalaya|northgarohillsdeputycommissionernorthgarohillsresubelparaida,7,1500000.0,150000.0,30.0,0.0,0.0,1.0,0.0,0.0,0.0,0,2024-12-20,5,0.22448979591836732,0.0,Routine,Meghalaya,NORTH GARO HILLS,DEPUTY COMMISSIONER NORTH GARO HILLS RESUBELPARA,1
meghalaya|westgarohillsdeputycommissionerwestgarohillsida,1,1000000.0,1000000.0,51.0,1.0,0.0,0.0,0.0,0.0,6.0,6,2025-01-10,1,1.0,6.0,Routine,Meghalaya,WEST GARO HILLS,DEPUTY COMMISSIONER WEST GARO HILLS,1
mizoram|aizawldeputycommissioneraizawlida,22,10307115.0,250000.0,112.0,1.0,0.0,0.8636363636363636,0.045454545454545456,0.0,7.136363636363637,31,2025-03-28,8,0.3801652892561984,14.3,Routine,Mizoram,AIZAWL,DEPUTY COMMISSIONER AIZAWL,1
mizoram|champhaideputycommisionerchamphai,8,3200000.0,250000.0,82.0,1.0,0.0,1.0,0.0,0.0,6.0,6,2025-01-17,5,0.3125,6.0,Routine,Mizoram,CHAMPHAI,"DEPUTY COMMISIONER, CHAMPHAI",1
mizoram|kolasibdeputycommissionerkolasib,13,9500000.0,750000.0,111.0,1.0,0.0,0.0,0.38461538461538464,0.0,15.615384615384615,31,2025-02-25,5,0.5029585798816567,20.23,Low,Mizoram,KOLASIB,Deputy Commissioner Kolasib,1
mizoram|lungleideputycommissionerlunglei,9,2500000.0,250000.0,178.0,1.0,0.0,0.5555555555555556,0.0,0.0,10.444444444444445,16,2025-04-25,4,0.48148148148148145,12.11,Routine,Mizoram,LUNGLEI,"Deputy Commissioner, Lunglei",1
mizoram|mamitdeputycommissionermamit,30,13490000.0,250000.0,90.0,1.0,0.0,1.0,0.23333333333333334,0.06666666666666667,12.633333333333333,43,2025-01-17,6,0.5155555555555553,21.74,Low,Mizoram,MAMIT,DEPUTY COMMISSIONER MAMIT,1
mizoram|siahadeputycommissionersiaha,19,6000000.0,250000.0,115.0,1.0,0.0,1.0,0.05263157894736842,0.0,7.315789473684211,31,2025-02-18,4,0.4570637119113573,14.42,Routine,Mizoram,Siaha,"Deputy Commissioner, Siaha",1
nagaland|chumoukedimadeputycommissionerchumoukedimaida,4,5100000.0,1350000.0,58.0,1.0,0.0,0.0,0.5,0.75,25.5,43,2024-11-11,3,0.375,30.75,Low,Nagaland,Chumoukedima,Deputy Commissioner Chumoukedima,1
nagaland|dimapurdeputycommissionerdimapurida,2,9000000.0,4500000.0,67.5,1.0,0.0,0.0,1.0,0.0,31.0,31,2024-11-27,2,0.5,31.0,Low,Nagaland,DIMAPUR,DEPUTY COMMISSIONER DIMAPUR,1
nagaland|kohimadeputycommisioner7,4,13100000.0,900000.0,77.0,1.0,0.0,0.0,0.5,0.5,24.5,31,2024-11-29,3,0.375,26.45,Low,Nagaland,KOHIMA,DEPUTY COMMISIONER_7,1
nagaland|mokokchungdeputycommissionermokokchungida,10,20462380.0,300000.0,69.0,0.7,0.0,0.0,0.2,0.7,17.6,37,2024-11-27,7,0.18000000000000005,23.42,Low,Nagaland,MOKOKCHUNG,Deputy Commissioner Mokokchung,1
nagaland|mondeputycommissionermonida,1,1087620.0,1087620.0,77.0,1.0,0.0,0.0,0.0,0.0,6.0,6,2024-11-27,1,1.0,6.0,Routine,Nagaland,MON,Deputy Commissioner Mon,1
nagaland|perendeputycommissionerperenida,2,250000.0,125000.0,77.0,1.0,0.0,0.0,0.0,1.0,18.0,18,2024-11-27,1,1.0,18.0,Routine,Nagaland,PEREN,Deputy Commissioner Peren,1
odisha|kalahandidistrictcollectorkalahandiida,48,16598000.0,300000.0,78.0,1.0,0.3125,0.0,0.22916666666666666,0.1875,21.104166666666668,56,2025-01-04,12,0.22309027777777782,31.57,Low,Odisha,KALAHANDI,DISTRICT COLLECTOR KALAHANDI,1
odisha|koraputdistrictcollectorkoraputida,10,4300000.0,300000.0,103.0,1.0,0.4,0.1,0.0,0.0,14.0,31,2025-06-25,4,0.5199999999999999,19.1,Routine,Odisha,KORAPUT,District Collector Koraput,1
odisha|nuapadadistrictcollectornuapadaida,3,600000.0,200000.0,52.0,1.0,0.0,0.0,0.0,0.0,6.0,6,2025-01-22,3,0.3333333333333333,6.0,Routine,Odisha,NUAPADA,DISTRICT COLLECTOR  NUAPADA,1
odisha|rayagadadistrictcollectorrayagadaida,27,8012424.0,249703.0,60.0,1.0,0.0,0.1111111111111111,0.037037037037037035,0.0,8.407407407407407,31,2026-01-13,4,0.7338820301783264,15.19,Routine,Odisha,RAYAGADA,DISTRICT COLLECTOR RAYAGADA,1
odisha|sundaragadadistrictcollectorsundargarhida,64,38488256.0,500000.0,62.0,0.765625,0.25,0.484375,0.015625,0.0,9.046875,41,2025-08-21,10,0.4296875,18.63,Routine,Odisha,Sundaragada,DISTRICT COLLECTOR SUNDARGARH,1
puducherry|puducherryprojectdirectorrdapuducherryida,13,21317559.0,1600000.0,273.0,0.7692307692307693,0.0,0.15384615384615385,0.38461538461538464,0.0,19.615384615384617,41,2026-05-21,5,0.42011834319526625,26.03,Low,Puducherry,Puducherry,PROJECT DIRECTOR RDA PUDUCHERRY,1
punjab|amritsardeputycommissioneramritsarida,9,3619099.0,286000.0,10.0,0.1111111111111111,0.0,0.0,0.1111111111111111,0.1111111111111111,3.888888888888889,25,2025-01-03,7,0.18518518518518517,10.22,Routine,Punjab,AMRITSAR,DEPUTY COMMISSIONER AMRITSAR,1
punjab|barnaladeputycommissionerbarnalaida,19,3149434.0,147000.0,65.0,1.0,0.10526315789473684,0.0,0.0,0.0,7.578947368421052,21,2024-11-29,5,0.3296398891966758,11.61,Routine,Punjab,BARNALA,DEPUTY COMMISSIONER BARNALA,1
punjab|bathindadeputycommissionerbhatindaida,12,3320329.0,299941.5,50.0,0.8333333333333334,0.0,0.0,0.0,0.25,10.166666666666666,31,2024-11-08,5,0.23611111111111113,16.42,Routine,Punjab,BATHINDA,DEPUTY COMMISSIONER BHATINDA,1
punjab|faridkotdeputycommissionerfaridkotida,62,12969788.0,200000.0,11.0,0.12903225806451613,0.0,0.0,0.0,0.5483870967741935,10.048387096774194,31,2024-11-25,9,0.2294484911550468,16.33,Routine,Punjab,FARIDKOT,DEPUTY COMMISSIONER FARIDKOT,1
punjab|fazilkadeputycommissionerfazilkaida,1,249330.0,249330.0,17.0,0.0,0.0,0.0,0.0,0.0,0.0,0,2024-09-20,1,1.0,0.0,Routine,Punjab,FAZILKA,DEPUTY COMMISSIONER FAZILKA,1
punjab|ferozepurdeputycommissionerfirozepurida,54,12594482.0,232591.0,21.0,0.0,0.0,0.0,0.0,0.14814814814814814,0.8888888888888888,12,2024-10-28,2,0.8319615912208504,4.22,Routine,Punjab,FEROZEPUR,DEPUTY COMMISSIONER FIROZEPUR,1
punjab|hoshiarpurdeputycommissionerhoshiarpurida,36,8500000.0,200000.0,5.0,0.1111111111111111,0.027777777777777776,0.0,0.0,0.6666666666666666,9.083333333333334,21,2024-11-28,8,0.3287037037037037,12.66,Routine,Punjab,HOSHIARPUR,DEPUTY COMMISSIONER HOSHIARPUR,1
punjab|kapurthaladeputycommissionerkapurthalaida,1,798000.0,798000.0,2.0,0.0,1.0,0.0,1.0,0.0,40.0,40,2024-10-25,1,1.0,40.0,Medium,Punjab,KAPURTHALA,DEPUTY COMMISSIONER KAPURTHALA,1
punjab|mansadeputycommissionermansaida,19,4827585.0,200000.0,60.0,0.7368421052631579,0.10526315789473684,0.0,0.0,0.21052631578947367,8.526315789473685,33,2024-11-22,10,0.1412742382271468,15.87,Routine,Punjab,MANSA,DEPUTY COMMISSIONER MANSA,2
punjab|mogadeputycommissionermoga,54,17435000.0,300000.0,102.0,0.9629629629629629,0.16666666666666666,0.0,0.05555555555555555,0.5740740740740741,23.814814814814813,46,2025-04-16,13,0.19341563786008226,30.47,Low,Punjab,MOGA,Deputy Commissioner Moga,1
punjab|patialadeputycommissionerpatialaida,4,530000.0,150000.0,120.0,1.0,0.0,0.0,0.0,0.0,6.0,6,2025-01-17,1,1.0,6.0,Routine,Punjab,PATIALA,DEPUTY COMMISSIONER PATIALA,1
punjab|rupnagardeputycommissionerroopnagarida,29,12118662.0,300000.0,47.0,0.5862068965517241,0.27586206896551724,0.034482758620689655,0.034482758620689655,0.13793103448275862,9.068965517241379,25,2025-02-10,7,0.37217598097502963,13.85,Routine,Punjab,RUPNAGAR,DEPUTY COMMISSIONER ROOPNAGAR,1
punjab|sasnagardeputycommissionersahibzadaajitsinghnagarmohaliida,2,1000000.0,500000.0,52.5,0.5,0.0,0.0,0.0,0.0,3.0,6,2025-01-28,2,0.5,3.9,Routine,Punjab,S.A.S Nagar,DEPUTY COMMISSIONER SAHIBZADA AJIT SINGH NAGAR MOHALI,1
punjab|shahidbhagatsinghnagardeputycommissionershahidbhagatsinghnagarida,17,8794281.0,500000.0,17.0,0.058823529411764705,0.23529411764705882,0.0,0.058823529411764705,0.0,5.352941176470588,25,2025-01-28,9,0.16262975778546712,11.25,Routine,Punjab,Shahid Bhagat Singh Nagar,Deputy Commissioner Shahid Bhagat Singh Nagar_ida,1
punjab|srimuktsarsahibdeputycommissionersrimuktsarsahibida,14,3741774.0,311500.0,101.0,0.9285714285714286,0.0,0.14285714285714285,0.0,0.6428571428571429,18.285714285714285,31,2025-01-01,8,0.2346938775510204,22.1,Low,Punjab,SRI MUKTSAR SAHIB,DEPUTY COMMISSIONER SRI MUKTSAR SAHIB,2
rajasthan|ajmerdistrictcollectorajmerida,10,10845621.0,499851.0,66.0,0.8,0.1,0.2,0.1,0.0,9.8,56,2025-08-22,5,0.4,23.66,Low,Rajasthan,AJMER,DISTRICT COLLECTOR AJMER,1
rajasthan|alwardistrictcollectoralwarida,46,29201426.1,499424.5,93.5,1.0,0.021739130434782608,0.0,0.021739130434782608,0.0,6.869565217391305,31,2024-12-12,8,0.3998109640831759,14.11,Routine,Rajasthan,ALWAR,DISTRICT COLLECTOR ALWAR,2
rajasthan|banswaradistrictcollectorbanswaraida,8,9979450.0,1250000.0,56.0,0.625,0.0,0.0,0.25,0.0,10.0,31,2025-01-13,6,0.21875,16.3,Routine,Rajasthan,BANSWARA,DISTRICT COLLECTOR BANSWARA,1
rajasthan|barandistrictcollectorbaranida,2,5000000.0,2500000.0,47.0,0.5,0.0,0.0,1.0,0.0,28.0,31,2025-01-07,2,0.5,28.9,Low,Rajasthan,BARAN,DISTRICT COLLECTOR BARAN,1
rajasthan|bharatpurdistrictcollectorbharatpurida,33,14578620.0,499566.0,102.0,0.9696969696969697,0.21212121212121213,0.18181818181818182,0.12121212121212122,0.0,12.030303030303031,31,2025-01-13,5,0.5941230486685032,17.72,Routine,Rajasthan,BHARATPUR,DISTRICT COLLECTOR BHARATPUR,1
rajasthan|bhilwaradistrictcollectorbhilwaraida,4,1992229.0,499720.5,100.0,1.0,0.0,0.0,0.0,0.0,6.0,6,2025-01-27,2,0.5,6.0,Routine,Rajasthan,BHILWARA,DISTRICT COLLECTOR BHILWARA,1
rajasthan|bikanerdistrictcollectorbikanerida,17,20517459.0,1000000.0,96.0,1.0,0.0,0.058823529411764705,0.17647058823529413,0.0,11.0,41,2025-09-04,8,0.15570934256055366,20.0,Low,Rajasthan,BIKANER,DISTRICT COLLECTOR BIKANER,1
rajasthan|bundidistrictcollectorbundiida,4,2400000.0,500000.0,121.5,1.0,0.25,0.75,0.0,0.0,9.75,21,2025-03-11,3,0.375,13.12,Routine,Rajasthan,BUNDI,DISTRICT COLLECTOR BUNDI,1
rajasthan|chittorgarhdistrictcollectorchittorgarhida,6,1746523.0,296291.5,42.5,0.5,0.0,0.0,0.0,0.0,3.0,6,2024-12-24,5,0.22222222222222227,3.9,Routine,Rajasthan,CHITTORGARH,DISTRICT COLLECTOR CHITTORGARH,1
rajasthan|deegdistrictcollectordeegida,16,6949858.0,500000.0,110.0,1.0,0.3125,0.4375,0.0,0.0,10.6875,21,2025-01-24,1,1.0,13.78,Routine,Rajasthan,Deeg,DISTRICT COLLECTOR Deeg,1
rajasthan|dungarpurdistrictcollectordungarpurida,28,32127917.0,1200000.0,63.5,0.9285714285714286,0.0,0.03571428571428571,0.03571428571428571,0.0,6.464285714285714,31,2024-12-17,8,0.1811224489795918,13.82,Routine,Rajasthan,DUNGARPUR,DISTRICT COLLECTOR DUNGARPUR,2
rajasthan|jaipurdistrictcollectorjaipurida,5,5247255.0,758307.0,71.0,1.0,0.0,0.6,0.4,0.0,16.0,31,2025-01-18,5,0.20000000000000004,20.5,Low,Rajasthan,JAIPUR,DISTRICT COLLECTOR JAIPUR,1
rajasthan|jaisalmerdistrictcollectorjaislamerida,1,1495786.0,1495786.0,96.0,1.0,0.0,0.0,0.0,0.0,6.0,6,2025-01-20,1,1.0,6.0,Routine,Rajasthan,JAISALMER,DISTRICT COLLECTOR JAISLAMER,1
rajasthan|jhalawardistrictcollectorjhalawarida,1,1100000.0,1100000.0,37.0,0.0,0.0,0.0,0.0,0.0,0.0,0,2024-12-25,1,1.0,0.0,Routine,Rajasthan,JHALAWAR,DISTRICT COLLECTOR JHALAWAR,1
rajasthan|jhunjhunudistrictcollectorjhunjhunuida,16,8500928.0,498914.0,77.5,1.0,0.125,0.1875,0.0,0.0,7.875,21,2025-01-02,4,0.5859375,11.81,Routine,Rajasthan,JHUNJHUNU,DISTRICT COLLECTOR JHUNJHUNU,1
rajasthan|kekridistrictcollectorkekriida,2,1495749.0,747874.5,65.0,1.0,0.0,0.0,0.0,0.0,6.0,6,2024-12-20,1,1.0,6.0,Routine,Rajasthan,Kekri,DISTRICT COLLECTOR Kekri,1
rajasthan|kotadistrictcollectorkotaida,7,6652238.0,999278.0,77.0,1.0,0.0,0.0,0.0,0.0,6.0,6,2025-01-13,5,0.26530612244897955,6.0,Routine,Rajasthan,KOTA,DISTRICT COLLECTOR KOTA,1
rajasthan|nagaurdistrictcollectornagaurida,157,42852197.0,123442.0,74.0,1.0,0.03821656050955414,0.0,0.044585987261146494,0.0,7.687898089171974,31,2025-02-07,16,0.24573004990060446,14.68,Routine,Rajasthan,NAGAUR,DISTRICT COLLECTOR NAGAUR,2
rajasthan|palidistrictcollectorpaliida,1,2257000.0,2257000.0,163.0,1.0,0.0,0.0,1.0,0.0,31.0,31,2025-01-09,1,1.0,31.0,Low,Rajasthan,PALI,DISTRICT COLLECTOR PALI,1
rajasthan|pratapgarhdistrictcollectorpratapgarhida,1,500000.0,500000.0,292.0,1.0,0.0,0.0,0.0,0.0,16.0,16,2025-07-18,1,1.0,16.0,Routine,Rajasthan,PRATAPGARH,DISTRICT COLLECTOR PRATAPGARH,1
rajasthan|salumbardistrictcollectorsalumbarida,3,1793000.0,593000.0,116.0,1.0,0.3333333333333333,0.0,0.3333333333333333,0.0,22.666666666666668,31,2025-10-14,3,0.3333333333333333,25.17,Low,Rajasthan,Salumbar,DISTRICT COLLECTOR Salumbar,1
rajasthan|sikardistrictcollectorsikarida,5,2068420.0,384000.0,57.0,1.0,0.0,0.0,0.0,0.0,6.0,6,2025-01-21,4,0.28,6.0,Routine,Rajasthan,SIKAR,DISTRICT COLLECTOR SIKAR,1
rajasthan|udaipurdistrictcollectorudaipurida,8,9879338.0,1494827.5,64.0,0.875,0.0,0.0,0.0,0.0,5.25,6,2024-12-26,4,0.3125,5.48,Routine,Rajasthan,UDAIPUR,DISTRICT COLLECTOR UDAIPUR,2
sikkim|gangtokdistrictcollectoreastdistrictida,11,21700000.0,1500000.0,56.0,0.6363636363636364,0.09090909090909091,0.8181818181818182,0.45454545454545453,0.0,16.545454545454547,46,2025-03-25,5,0.3553719008264462,25.38,Low,Sikkim,Gangtok,DISTRICT COLLECTOR EAST DISTRICT,1
sikkim|gyalshingdistrictcollectorgyalshingida,4,12000000.0,3000000.0,113.0,1.0,0.0,0.0,1.0,0.75,46.5,56,2025-02-27,1,1.0,49.35,Medium,Sikkim,Gyalshing,DISTRICT COLLECTOR GYALSHING,1
sikkim|mangandistrictcollectormanganida,3,9378159.0,2995995.0,48.0,0.6666666666666666,0.0,0.0,1.0,0.0,29.0,31,2024-12-11,2,0.5555555555555556,29.6,Low,Sikkim,Mangan,DISTRICT COLLECTOR MANGAN,1
sikkim|pakyongdistrictcollectorpakyongida,2,3000000.0,1500000.0,78.0,1.0,0.0,1.0,0.0,0.0,6.0,6,2024-11-13,1,1.0,6.0,Routine,Sikkim,Pakyong,DISTRICT COLLECTOR PAKYONG,1
tamilnadu|chengalpattudistrictcollectorchengalpattuida,9,8568198.0,899711.0,360.0,1.0,0.0,0.1111111111111111,0.1111111111111111,0.0,18.77777777777778,41,2026-02-06,5,0.25925925925925924,25.44,Low,Tamil Nadu,CHENGALPATTU,District Collector Chengalpattu,1
tamilnadu|chennaicommissionermuncipalcorporationchennaiida,7,41608000.0,3686000.0,356.0,1.0,0.14285714285714285,0.5714285714285714,0.8571428571428571,0.0,39.285714285714285,49,2026-06-22,6,0.18367346938775508,42.2,Medium,Tamil Nadu,CHENNAI,COMMISSIONER MUNCIPAL CORPORATION CHENNAI,4
tamilnadu|coimbatoredistrictcollectorcoimbatoreida,8,7695012.0,890456.0,472.0,1.0,0.0,0.25,0.0,0.0,15.75,24,2026-07-15,3,0.375,18.22,Routine,Tamil Nadu,COIMBATORE,DISTRICT COLLECTOR COIMBATORE,2
tamilnadu|cuddaloredistrictcollectorcuddaloreida,18,16461136.0,724135.5,225.0,1.0,0.1111111111111111,0.0,0.0,0.0,14.88888888888889,31,2025-10-17,4,0.40740740740740744,19.72,Routine,Tamil Nadu,CUDDALORE,DISTRICT COLLECTOR CUDDALORE,1
tamilnadu|dharmapuridistrictcollectordharmapuriida,3,4310000.0,1655000.0,57.0,1.0,0.0,0.0,0.0,0.0,9.333333333333334,16,2025-06-17,2,0.5555555555555556,11.33,Routine,Tamil Nadu,DHARMAPURI,DISTRICT COLLECTOR DHARMAPURI,1
tamilnadu|dindiguldistrictcollectordindigulida,21,29545582.0,1000000.0,15.0,0.47619047619047616,0.0,0.38095238095238093,0.19047619047619047,0.0,9.047619047619047,31,2025-03-12,10,0.15192743764172334,15.63,Routine,Tamil Nadu,DINDIGUL,DISTRICT COLLECTOR DINDIGUL,1
tamilnadu|erodedistrictcollectoreerodeida,30,28937458.0,624861.0,93.0,0.8,0.0,0.0,0.06666666666666667,0.0,9.133333333333333,41,2026-05-25,9,0.24222222222222223,18.69,Routine,Tamil Nadu,ERODE,DISTRICT_COLLECTORE_ERODE,3
tamilnadu|kancheepuramdistrictcollectorkancheepuramida,42,39516610.0,400000.0,26.0,0.40476190476190477,0.0,0.0,0.07142857142857142,0.40476190476190477,9.547619047619047,43,2025-05-17,6,0.39229024943310653,19.58,Routine,Tamil Nadu,Kancheepuram,DISTRICT COLLECTOR KANCHEEPURAM,2
tamilnadu|kanniyakumaridistrictcollectorkanniyakumariida,11,12806640.0,1000000.0,38.0,0.45454545454545453,0.18181818181818182,0.09090909090909091,0.09090909090909091,0.0,12.272727272727273,41,2026-03-03,6,0.2231404958677686,20.89,Low,Tamil Nadu,KANNIYAKUMARI,DISTRICT COLLECTOR KANNIYAKUMARI,1
tamilnadu|karurdistrictcollectorkarurida,2,403760.0,201880.0,471.0,1.0,0.0,0.5,0.0,0.0,16.0,16,2026-03-05,1,1.0,16.0,Routine,Tamil Nadu,KARUR,DISTRICT COLLECTOR KARUR,1
tamilnadu|maduraidistrictcollectormaduraiida,4,9860508.0,2495046.5,67.5,0.75,0.0,0.0,0.25,0.0,10.75,25,2025-02-18,2,0.625,15.02,Routine,Tamil Nadu,MADURAI,DISTRICT COLLECTOR MADURAI,2
tamilnadu|namakkaldistrictcollectornamakkalida,44,37744506.0,700000.0,18.5,0.25,0.022727272727272728,0.0,0.11363636363636363,0.09090909090909091,5.045454545454546,31,2025-02-21,11,0.28409090909090906,12.83,Routine,Tamil Nadu,NAMAKKAL,DISTRICT COLLECTOR NAMAKKAL,2
tamilnadu|perambalurdistrictcollectorperambalurida,12,10185000.0,785000.0,256.0,1.0,0.0,1.0,0.0,0.0,15.166666666666666,16,2025-12-10,1,1.0,15.42,Routine,Tamil Nadu,PERAMBALUR,DISTRICT COLLECTOR PERAMBALUR,1
tamilnadu|pudukkottaidistrictcollectorpudukkottaiida,8,3196733.0,399551.0,101.5,0.5,0.0,0.0,0.0,0.0,8.0,16,2025-06-18,5,0.25,10.4,Routine,Tamil Nadu,PUDUKKOTTAI,DISTRICT COLLECTOR PUDUKKOTTAI,2
tamilnadu|salemdistrictcollectorsalemida,9,3115763.0,348591.0,307.0,1.0,0.0,0.0,0.0,0.2222222222222222,16.88888888888889,20,2026-05-27,1,1.0,17.82,Routine,Tamil Nadu,SALEM,DISTRICT COLLECTOR SALEM,1
tamilnadu|sivagangadistrictcollectorsivagangaida,9,12649608.0,200000.0,3.0,0.1111111111111111,0.1111111111111111,0.0,0.1111111111111111,0.0,6.222222222222222,56,2025-09-06,6,0.20987654320987653,21.16,Low,Tamil Nadu,SIVAGANGA,DISTRICT COLLECTOR SIVAGANGA,1
tamilnadu|tenkasidistrictcollectortenkasiida,7,16942527.0,2482079.0,73.0,1.0,0.0,0.0,0.7142857142857143,0.0,26.714285714285715,41,2025-05-10,2,0.510204081632653,31.0,Low,Tamil Nadu,TENKASI,DISTRICT COLLECTOR TENKASI,1
tamilnadu|thanjavurdistrictcollectorthanjavurida,22,37320171.0,1349670.0,163.5,0.8181818181818182,0.0,0.0,0.09090909090909091,0.0,8.090909090909092,31,2025-06-09,5,0.553719008264463,14.96,Routine,Tamil Nadu,THANJAVUR,DISTRICT COLLECTOR THANJAVUR,1
tamilnadu|thiruvallurdistrictcollectortiruvallurida,10,11744919.0,942305.0,202.5,0.8,0.0,0.0,0.3,0.2,23.3,41,2025-09-18,7,0.22000000000000008,28.61,Low,Tamil Nadu,THIRUVALLUR,DISTRICT COLLECTOR TIRUVALLUR,3
tamilnadu|thiruvarurdistrictcollectorthiruvarurida,5,6519871.0,1329811.0,308.0,1.0,0.0,0.0,0.2,0.0,19.0,41,2025-07-30,2,0.6800000000000002,25.6,Low,Tamil Nadu,THIRUVARUR,DISTRICT COLLECTOR THIRUVARUR,1
tamilnadu|thoothukkudidistrictcollectorthoothukudiida,11,28738597.0,1999892.0,331.0,1.0,0.0,0.0,0.45454545454545453,0.0,24.454545454545453,49,2026-05-21,5,0.28925619834710736,31.82,Low,Tamil Nadu,Thoothukkudi,DISTRICT COLLECTOR THOOTHUKUDI,1
tamilnadu|tiruchirappallidistrictcollectortiruchirappalliida,1,3460000.0,3460000.0,274.0,1.0,0.0,0.0,1.0,0.0,41.0,41,2025-06-26,1,1.0,41.0,Medium,Tamil Nadu,TIRUCHIRAPPALLI,DISTRICT COLLECTOR TIRUCHIRAPPALLI,1
tamilnadu|tirupathurdistrictcollectortirupathurida,11,8174912.0,1000000.0,196.0,1.0,0.0,0.5454545454545454,0.5454545454545454,0.0,29.636363636363637,41,2025-11-21,1,1.0,33.05,Low,Tamil Nadu,Tirupathur,District Collector Tirupathur,1
tamilnadu|tiruppurdistrictcollectortiruppurida,28,32642414.0,949301.0,306.5,1.0,0.0,0.10714285714285714,0.14285714285714285,0.0,19.5,49,2026-06-23,9,0.1964285714285714,28.35,Low,Tamil Nadu,TIRUPPUR,DISTRICT COLLECTOR TIRUPPUR,3
tamilnadu|tiruvannamalaidistrictcollectortiruvannamalaiida,60,27712833.0,435000.0,150.0,1.0,0.05,0.016666666666666666,0.06666666666666667,0.0,11.583333333333334,41,2026-01-30,12,0.20611111111111108,20.41,Low,Tamil Nadu,TIRUVANNAMALAI,DISTRICT COLLECTOR TIRUVANNAMALAI,2
tamilnadu|viluppuramdistrictcollectorvillupuramida,31,29782710.0,800000.0,43.0,0.3548387096774194,0.0,0.0,0.0,0.0,2.129032258064516,6,2025-03-03,7,0.21331945889698228,3.29,Routine,Tamil Nadu,Viluppuram,DISTRICT COLLECTOR VILLUPURAM,2
tamilnadu|virudhunagardistrictcollectorvirudhunagarida,15,16773506.0,749622.0,290.0,1.0,0.0,0.0,0.26666666666666666,0.0,22.0,41,2025-12-12,5,0.27111111111111114,27.7,Low,Tamil Nadu,VIRUDHUNAGAR,DISTRICT COLLECTOR VIRUDHUNAGAR,1
telangana|jagitialdistrictcollectorjagtialida,83,29073808.0,350000.0,43.0,0.43373493975903615,0.04819277108433735,0.5662650602409639,0.012048192771084338,0.14457831325301204,8.44578313253012,41,2026-08-17,10,0.4161707069240819,18.21,Routine,Telangana,Jagitial,DISTRICT COLLECTOR JAGTIAL,1
telangana|jangoandistrictcollectorjangaonida,1,500000.0,500000.0,30.0,0.0,0.0,0.0,1.0,0.0,25.0,25,2024-12-16,1,1.0,25.0,Low,Telangana,JANGOAN,DISTRICT COLLECTOR JANGAON,1
telangana|mahabubabaddistrictcollectormahabubabadida,10,3500000.0,350000.0,231.0,1.0,1.0,0.0,1.0,0.0,56.0,56,2025-07-04,1,1.0,56.0,Medium,Telangana,MAHABUBABAD,DISTRICT COLLECTOR MAHABUBABAD,1
telangana|medchalmalkajgiridistrictcollectormedchalmalkajgiriida,11,11400811.0,1050000.0,136.0,1.0,0.2727272727272727,0.0,0.45454545454545453,0.0,23.272727272727273,46,2025-12-16,7,0.17355371900826444,30.09,Low,Telangana,MEDCHAL MALKAJGIRI,DISTRICT COLLECTOR MEDCHAL MALKAJGIRI,1
telangana|nalgondadistrictcollectornalgonda,54,9692218.0,149779.0,56.5,0.6481481481481481,0.0,0.18518518518518517,0.24074074074074073,0.018518518518518517,9.981481481481481,31,2025-02-20,2,0.9636488340192044,16.29,Routine,Telangana,NALGONDA,DISTRICT COLLECTOR NALGONDA,1
telangana|nizamabaddistrictcollectornizamabadida,90,35797731.0,400000.0,7.0,0.17777777777777778,0.022222222222222223,0.0,0.011111111111111112,0.05555555555555555,2.3666666666666667,31,2025-08-30,12,0.22395061728395066,10.96,Routine,Telangana,NIZAMABAD,DISTRICT COLLECTOR NIZAMABAD,1
telangana|rangareddydistrictcollectorrangareddyida,53,10777262.0,99906.0,49.0,1.0,0.07547169811320754,0.03773584905660377,0.09433962264150944,0.0,10.056603773584905,56,2025-08-21,4,0.7913848344606621,23.84,Low,Telangana,RANGA REDDY,DISTRICT COLLECTOR RANGAREDDY,2
telangana|siddipetdistrictcollectorsiddipetida,8,5250000.0,500000.0,289.0,1.0,0.0,1.0,0.25,0.25,21.5,31,2025-11-12,4,0.34375,24.35,Low,Telangana,SIDDIPET,District Collector Siddipet,1
telangana|vikarabaddistrictcollectorvikarabad2,9,4598104.0,500000.0,223.0,1.0,0.4444444444444444,0.2222222222222222,0.1111111111111111,0.0,24.333333333333332,56,2025-06-09,3,0.5061728395061729,33.83,Low,Telangana,VIKARABAD,DISTRICT COLLECTOR VIKARABAD_2,1
telangana|yadadribhuvanagiridistrictcollectoryadadribhuvanagiriida,126,9255000.0,70000.0,76.0,1.0,0.007936507936507936,0.9920634920634921,0.007936507936507936,0.023809523809523808,7.571428571428571,31,2025-08-30,1,1.0,14.6,Routine,Telangana,YADADRI BHUVANAGIRI,DISTRICT COLLECTOR YADADRI BHUVANAGIRI,1
uttarakhand|agradistrictmagistraeagraida,3,4996274.0,1399030.0,33.0,0.0,0.0,0.0,0.3333333333333333,0.0,8.333333333333334,25,2024-11-27,1,1.0,13.33,Routine,Uttarakhand,AGRA,DISTRICT MAGISTRAE AGRA,1
uttarpradesh|agradistrictmagistraeagraida,57,81951616.0,1287979.0,32.0,0.017543859649122806,0.0,0.0,0.2982456140350877,0.0,7.842105263157895,33,2025-01-05,4,0.39673745767928587,15.39,Routine,Uttar Pradesh,AGRA,DISTRICT MAGISTRAE AGRA,2
uttarpradesh|aligarhdistrictmagistratealigarhida,7,12711376.0,1846202.0,25.0,0.0,0.0,0.0,0.0,0.0,0.0,0,2024-11-11,1,1.0,0.0,Routine,Uttar Pradesh,ALIGARH,DISTRICT MAGISTRATE ALIGARH,1
uttarpradesh|ambedkarnagardistrictmagistrateambedkarnagarida,31,25262784.0,846299.0,43.0,0.4838709677419355,0.06451612903225806,0.0,0.0,0.0,4.193548387096774,21,2025-04-21,4,0.7648283038501561,9.24,Routine,Uttar Pradesh,AMBEDKAR NAGAR,DISTRICT MAGISTRATE AMBEDKAR NAGAR,1
uttarpradesh|amrohadistrictmagistratejyotibaphulenagarida,11,13365769.0,1232868.0,57.0,1.0,0.0,0.0,0.0,0.0,6.0,6,2024-12-12,1,1.0,6.0,Routine,Uttar Pradesh,AMROHA,DISTRICT MAGISTRATE JYOTIBAPHULE NAGAR,1
uttarpradesh|auraiyadistrictmagistrateauraiyaida,58,15660000.0,270000.0,211.0,1.0,1.0,0.0,0.0,0.0,31.0,31,2025-10-27,1,1.0,31.0,Low,Uttar Pradesh,AURAIYA,DISTRICT MAGISTRATE AURAIYA,1
uttarpradesh|ayodhyadistrictmagistraefaizabadida,37,43996216.0,1150563.0,45.0,0.35135135135135137,0.0,0.0,0.0,0.0,2.108108108108108,6,2025-02-28,3,0.848064280496713,3.28,Routine,Uttar Pradesh,AYODHYA,DISTRICT MAGISTRAE FAIZABAD,2
uttarpradesh|azamgarhdistrictmagistrateazamgarhida,80,28257271.0,284857.0,109.0,1.0,0.1125,0.0125,0.0375,0.125,13.525,56,2026-01-28,5,0.4384375000000001,26.27,Low,Uttar Pradesh,AZAMGARH,DISTRICT MAGISTRATE AZAMGARH,1
uttarpradesh|bahraichdistrictmagistraebahraichida,8,12729305.0,1425626.0,88.0,1.0,0.0,0.0,0.0,0.0,6.0,6,2025-02-10,1,1.0,6.0,Routine,Uttar Pradesh,BAHRAICH,DISTRICT MAGISTRAE BAHRAICH,1
uttarpradesh|balliadistrictmagistraeballiaida,131,47568201.0,259041.0,169.0,1.0,0.32061068702290074,0.0,0.007633587786259542,0.31297709923664124,21.572519083969464,46,2025-07-19,6,0.4058621292465473,28.9,Low,Uttar Pradesh,BALLIA,DISTRICT MAGISTRAE BALLIA,3
uttarpradesh|balrampurdistrictmagistratebalrampurida,13,11364132.0,820537.0,50.0,1.0,0.0,0.0,0.0,0.0,6.0,6,2025-01-10,1,1.0,6.0,Routine,Uttar Pradesh,BALRAMPUR,DISTRICT MAGISTRATE BALRAMPUR,1
uttarpradesh|bandadistrictmagistratebandaida,53,17712711.12,232197.98,74.0,1.0,0.1509433962264151,0.0,0.0,0.0,8.264150943396226,21,2025-04-30,3,0.703809184763261,12.08,Routine,Uttar Pradesh,BANDA,DISTRICT MAGISTRATE BANDA,2
uttarpradesh|bareillydistrictmagistraebareillyida,30,24363364.0,854043.0,9.0,0.0,0.0,0.0,0.06666666666666667,0.8,18.2,50,2024-11-23,2,0.7222222222222223,27.74,Low,Uttar Pradesh,BAREILLY,DISTRICT MAGISTRAE BAREILLY,1
uttarpradesh|bastidistrictmagistratebastiida,19,26847950.0,903408.0,41.0,0.0,0.0,0.0,0.10526315789473684,0.0,2.6315789473684212,25,2024-12-11,2,0.8116343490304709,9.34,Routine,Uttar Pradesh,BASTI,DISTRICT MAGISTRATE BASTI,1
uttarpradesh|bhadohidistrictmagistratebhadohiida,195,23204983.0,118971.0,47.0,1.0,0.0,0.0,0.0,0.0,6.0,6,2025-01-07,1,1.0,6.0,Routine,Uttar Pradesh,BHADOHI,DISTRICT MAGISTRATE BHADOHI,1
uttarpradesh|bijnordistrictmagistratebijnorida,104,34224607.0,189869.0,31.0,0.057692307692307696,0.0,0.0,0.0,0.0,0.9230769230769231,16,2025-07-08,2,0.6893491124260356,5.45,Routine,Uttar Pradesh,BIJNOR,DISTRICT MAGISTRATE BIJNOR,2
uttarpradesh|budaundistrictmagistratebudaunida,1,46470400.0,46470400.0,69.0,1.0,0.0,0.0,1.0,0.0,31.0,31,2024-11-23,1,1.0,31.0,Low,Uttar Pradesh,BUDAUN,DISTRICT MAGISTRATE BUDAUN,1
uttarpradesh|chandaulidistrictmagistratechandauliida,39,12414861.0,243756.0,88.0,1.0,0.0,0.0,0.10256410256410256,0.0,8.564102564102564,31,2024-12-02,4,0.5831689677843526,15.29,Routine,Uttar Pradesh,CHANDAULI,DISTRICT MAGISTRATE CHANDAULI,1
uttarpradesh|chitrakootdistrictmagistratechitrakootida,44,9974712.0,226698.0,130.0,1.0,0.0,0.0,0.0,0.0,6.0,6,2025-02-05,1,1.0,6.0,Routine,Uttar Pradesh,CHITRAKOOT,DISTRICT MAGISTRATE CHITRAKOOT,1
uttarpradesh|deoriadistrictmagistratedeoria,55,40517161.0,700000.0,86.0,0.8181818181818182,0.18181818181818182,0.16363636363636364,0.0,0.0,8.0,31,2025-08-13,4,0.46909090909090906,14.9,Routine,Uttar Pradesh,DEORIA,DISTRICT MAGISTRATE DEORIA,2
uttarpradesh|etahdistrictmagistrateetahida,34,13566538.0,238048.0,36.0,0.38235294117647056,0.0,0.0,0.0,0.0,2.2941176470588234,6,2024-12-27,3,0.8356401384083044,3.41,Routine,Uttar Pradesh,ETAH,DISTRICT MAGISTRATE ETAH,2
uttarpradesh|etawahdistrictmagistrateetawahida,69,18583632.0,269328.0,50.0,1.0,0.0,0.0,0.0,0.0,6.0,6,2025-01-09,1,1.0,6.0,Routine,Uttar Pradesh,ETAWAH,DISTRICT MAGISTRATE ETAWAH,1
uttarpradesh|farrukhabaddistrictmagistraefarrukhabadida,116,25858836.0,222921.0,90.0,1.0,0.0,0.0,0.0,0.0,6.0,6,2025-02-05,1,1.0,6.0,Routine,Uttar Pradesh,FARRUKHABAD,DISTRICT MAGISTRAE FARRUKHABAD,1
uttarpradesh|firozabaddistrictmagistratefirozabadida,20,48855158.0,1810939.5,55.0,1.0,0.0,0.05,0.3,0.0,13.5,31,2024-10-17,1,1.0,18.75,Routine,Uttar Pradesh,FIROZABAD,DISTRICT MAGISTRATE FIROZABAD,1
uttarpradesh|gautambuddhanagardistrictmagistrategautambudhnagar,28,26961651.28,997321.5,17.0,0.0,0.07142857142857142,0.0,0.0,0.0,1.0714285714285714,15,2024-09-07,2,0.931122448979592,5.25,Routine,Uttar Pradesh,GAUTAM BUDDHA NAGAR,DISTRICT MAGISTRATE GAUTAMBUDHNAGAR,1
uttarpradesh|ghaziabaddistrictmagistraeghaziabadida,1,207741.0,207741.0,86.0,1.0,0.0,0.0,0.0,0.0,6.0,6,2025-02-10,1,1.0,6.0,Routine,Uttar Pradesh,GHAZIABAD,DISTRICT MAGISTRAE GHAZIABAD,1
uttarpradesh|ghazipurdistrictmagistraeghazipurida,83,45552060.0,500000.0,91.0,1.0,0.4819277108433735,0.012048192771084338,0.1927710843373494,0.3253012048192771,29.120481927710845,64,2026-08-22,6,0.2382058353897518,39.58,Low,Uttar Pradesh,GHAZIPUR,DISTRICT MAGISTRAE GHAZIPUR,2
uttarpradesh|gondadistrictmagistrategondaida,39,44661334.0,1082097.0,22.0,0.48717948717948717,0.07692307692307693,0.02564102564102564,0.0,0.0,4.076923076923077,21,2025-01-15,2,0.9500328731097962,9.15,Routine,Uttar Pradesh,GONDA,DISTRICT MAGISTRATE GONDA,2
uttarpradesh|hamirpurdistrictmagistratehamirpur2,27,19299000.0,700000.0,239.0,0.9259259259259259,0.8518518518518519,0.0,0.07407407407407407,0.037037037037037035,29.22222222222222,35,2025-11-27,3,0.3854595336076817,30.96,Low,Uttar Pradesh,HAMIRPUR,DISTRICT MAGISTRATE HAMIRPUR_2,1
uttarpradesh|hapurdistrictmagistratehapurida,7,5516914.0,818009.0,41.0,0.14285714285714285,0.0,0.0,0.0,0.0,0.8571428571428571,6,2024-12-23,1,1.0,2.4,Routine,Uttar Pradesh,HAPUR,DISTRICT MAGISTRATE HAPUR,2
uttarpradesh|hardoidistrictmagistratehardoiida,5,28685171.0,5580000.0,74.0,0.6,0.8,0.2,1.0,0.0,40.6,46,2025-03-06,1,1.0,42.22,Medium,Uttar Pradesh,HARDOI,DISTRICT MAGISTRATE HARDOI,1
uttarpradesh|hathrasdistrictmagistratehathrasida,4,7946019.0,1925060.0,12.0,0.0,0.0,0.0,0.0,0.0,0.0,0,2024-10-29,1,1.0,0.0,Routine,Uttar Pradesh,HATHRAS,DISTRICT MAGISTRATE HATHRAS,1
uttarpradesh|jalaundistrictmagistratejalaunida,115,27945000.0,243000.0,263.0,1.0,0.991304347826087,0.0,0.0,1.0,42.869565217391305,43,2025-06-13,1,1.0,42.91,Medium,Uttar Pradesh,JALAUN,DISTRICT MAGISTRATE JALAUN,1
uttarpradesh|jaunpurdistrictmagistratejaunpurida,459,18957268.0,20896.0,17.0,0.0,0.02832244008714597,0.0,0.002178649237472767,0.0,0.6361655773420479,25,2024-12-06,2,0.9956521945500543,7.95,Routine,Uttar Pradesh,JAUNPUR,DISTRICT MAGISTRATE JAUNPUR,1
uttarpradesh|jhansidistrictmagistraejhansiida,18,4103349.0,211299.0,131.0,1.0,0.0,0.0,0.05555555555555555,0.8888888888888888,18.055555555555557,31,2025-01-24,3,0.7962962962962963,21.94,Low,Uttar Pradesh,JHANSI,DISTRICT MAGISTRAE JHANSI,2
uttarpradesh|kanpurdehatdistrictmagistratekanpurdehatida,48,12325061.16,268500.0,219.0,1.0,0.6041666666666666,0.0,0.0,0.3958333333333333,25.854166666666668,31,2025-06-12,2,0.5217013888888888,27.4,Low,Uttar Pradesh,KANPUR DEHAT,DISTRICT MAGISTRATE KANPUR DEHAT,2
uttarpradesh|kanpurnagardistrictmagistraekanpurnagarida,1,3831541.0,3831541.0,22.0,0.0,0.0,0.0,1.0,0.0,25.0,25,2024-10-09,1,1.0,25.0,Low,Uttar Pradesh,KANPUR NAGAR,DISTRICT MAGISTRAE KANPUR NAGAR,1
uttarpradesh|kaushambidistrictmagistraekaushambiida,218,16115886.0,73926.0,111.0,1.0,0.0,0.0,0.0,0.0,6.0,6,2025-01-17,2,0.9908677720730579,6.0,Routine,Uttar Pradesh,KAUSHAMBI,DISTRICT MAGISTRAE KAUSHAMBI,1
uttarpradesh|kushinagardistrictmagistratekushinagarpadraunaida,112,52408475.0,236234.0,194.0,0.9732142857142857,0.044642857142857144,0.0,0.0,0.0,12.491071428571429,21,2026-08-19,9,0.45599489795918374,15.04,Routine,Uttar Pradesh,Kushinagar,DISTRICT MAGISTRATE KUSHINAGAR PADRAUNA,2
uttarpradesh|lucknowdistrictmagistraelucknowida,59,6371115.0,107985.0,59.0,1.0,0.7627118644067796,0.2033898305084746,0.0,0.0,17.440677966101696,21,2024-12-17,1,1.0,18.51,Routine,Uttar Pradesh,LUCKNOW,DISTRICT MAGISTRAE LUCKNOW,1
uttarpradesh|mahobadistrictmagistraemahobaida,41,21730000.0,400000.0,272.0,1.0,0.6829268292682927,0.2926829268292683,0.024390243902439025,0.14634146341463414,29.121951219512194,43,2025-09-30,4,0.47769185008923254,33.29,Low,Uttar Pradesh,MAHOBA,DISTRICT MAGISTRAE MAHOBA,1
uttarpradesh|maudistrictmagistratemauida,68,20014888.0,206970.0,206.5,1.0,0.014705882352941176,0.0,0.014705882352941176,0.0,12.029411764705882,46,2025-06-17,4,0.7417820069204153,22.22,Low,Uttar Pradesh,MAU,DISTRICT MAGISTRATE MAU,1
uttarpradesh|meerutdistrictmagistratemeerutida,8,6845719.0,847468.5,56.0,1.0,0.0,0.0,0.0,0.0,6.0,6,2024-11-19,1,1.0,6.0,Routine,Uttar Pradesh,MEERUT,DISTRICT MAGISTRATE MEERUT,1
uttarpradesh|muzaffarnagardistrictmagistratemuzaffarnagarida,58,33268799.0,499000.0,82.0,1.0,0.22413793103448276,0.5517241379310345,0.0,0.0,10.913793103448276,31,2026-01-31,5,0.8370986920332939,16.94,Routine,Uttar Pradesh,MUZAFFARNAGAR,DISTRICT MAGISTRATE MUZAFFARNAGAR,2
uttarpradesh|pratapgarhdistrictmagistraepratapgarhida,131,6653565.0,50800.0,174.0,1.0,0.0,0.06870229007633588,0.0,0.0,6.0,6,2025-04-26,1,1.0,6.0,Routine,Uttar Pradesh,PRATAPGARH,DISTRICT MAGISTRAE PRATAPGARH,1
uttarpradesh|prayagrajdistrictmagistraeallahabadida,125,14884883.0,118957.0,113.0,1.0,0.0,0.0,0.0,0.016,6.4,31,2025-01-22,1,1.0,13.78,Routine,Uttar Pradesh,PRAYAGRAJ,DISTRICT MAGISTRAE ALLAHABAD,1
uttarpradesh|raebarelidistrictmagistrateraebareliida,9,4699998.0,500000.0,62.0,1.0,0.5555555555555556,0.0,0.0,0.0,14.333333333333334,21,2025-01-28,3,0.6296296296296298,16.33,Routine,Uttar Pradesh,RAE BARELI,DISTRICT MAGISTRATE RAE BARELI,1
uttarpradesh|rampurdistrictmagistraterampurida,42,14999245.0,200502.0,33.0,0.0,0.0,0.0,0.023809523809523808,0.14285714285714285,1.1666666666666667,25,2024-12-13,3,0.6836734693877551,8.32,Routine,Uttar Pradesh,RAMPUR,DISTRICT MAGISTRATE RAMPUR,1
uttarpradesh|shahjahanpurdistrictmagistraeshahjahanapurida,2,47808000.0,23904000.0,21.0,0.0,0.0,0.0,1.0,0.0,25.0,25,2024-08-28,2,0.5,25.0,Low,Uttar Pradesh,SHAHJAHANPUR,DISTRICT MAGISTRAE SHAHJAHANAPUR,1
uttarpradesh|sitapurdistrictmagistratesitapurida,16,20041868.0,1225490.0,92.0,1.0,0.0,0.0,0.0,0.0,6.625,16,2025-04-24,3,0.7734375,9.44,Routine,Uttar Pradesh,SITAPUR,DISTRICT MAGISTRATE SITAPUR,2
uttarpradesh|sonbhadradistrictmagistratesonbhadraida,93,30645890.0,260000.0,197.0,1.0,0.043010752688172046,0.010752688172043012,0.07526881720430108,0.0,14.763440860215054,46,2025-06-17,6,0.8372066134813274,24.13,Low,Uttar Pradesh,SONBHADRA,DISTRICT MAGISTRATE SONBHADRA,1
uttarpradesh|sultanpurdistrictmagistratesultanpurida,5,15852234.0,1500000.0,204.0,0.8,0.8,0.0,0.6,0.0,37.8,56,2025-06-24,3,0.44000000000000006,43.26,Medium,Uttar Pradesh,SULTANPUR,DISTRICT MAGISTRATE SULTANPUR,1
uttarpradesh|unnaodistrictmagiistrateunnaoida,9,8776638.0,1066257.0,85.0,1.0,0.0,0.0,0.0,0.2222222222222222,8.666666666666666,18,2024-12-05,1,1.0,11.47,Routine,Uttar Pradesh,UNNAO,DISTRICT MAGIISTRATE UNNAO,1
westbengal|bankuradistrictmagistratebankuraida,35,44810398.0,748139.0,102.0,1.0,0.17142857142857143,0.0,0.42857142857142855,0.6285714285714286,24.6,50,2025-01-06,9,0.27183673469387754,32.22,Low,West Bengal,BANKURA,DISTRICT MAGISTRATE BANKURA,2
westbengal|birbhumdistrictmagistratebirbhumida,75,64942872.0,498940.0,77.0,0.8266666666666667,0.05333333333333334,0.0,0.16,0.08,11.253333333333334,56,2026-02-06,11,0.3066666666666667,24.68,Low,West Bengal,BIRBHUM,DISTRICT MAGISTRATE BIRBHUM,2
westbengal|coochbehardistrictmagistratecoochbeharida,40,37356488.0,586716.0,198.5,1.0,0.875,0.0,0.1,0.6,36.425,49,2026-09-01,4,0.7725,40.2,Medium,West Bengal,Cooch Behar,DISTRICT MAGISTRATE COOCHBEHAR,1
westbengal|dakshindinajpurdistrictmagistratedinajpurdakshinida,2,1902957.0,951478.5,38.0,0.5,0.5,0.0,0.0,0.0,10.5,21,2025-01-24,2,0.5,13.65,Routine,West Bengal,Dakshin Dinajpur,DISTRICT MAGISTRATE DINAJPUR DAKSHIN,1
westbengal|darjeelingdistrictmagistratedarjeelingida,64,30663617.0,475282.0,201.0,1.0,0.03125,0.0,0.0,0.0,11.875,31,2026-08-18,11,0.2470703125,17.61,Routine,West Bengal,DARJEELING,DISTRICT MAGISTRATE DARJEELING,1
westbengal|hooghlydistrictmagistratehooghlyida,66,45972330.0,449947.5,81.0,0.803030303030303,0.21212121212121213,0.10606060606060606,0.09090909090909091,0.0,11.636363636363637,31,2025-12-15,16,0.12304866850321397,17.45,Routine,West Bengal,HOOGHLY,DISTRICT MAGISTRATE HOOGHLY,3
westbengal|howrahdistrictmagistratehowrahida,31,21141199.0,494998.0,88.0,0.8064516129032258,0.03225806451612903,0.0,0.03225806451612903,0.0,6.451612903225806,31,2025-06-24,10,0.15296566077003118,13.82,Routine,West Bengal,HOWRAH,DISTRICT MAGISTRATE HOWRAH,3
westbengal|jhargramdistrictmagistratejhargramida,6,16301376.0,2686788.5,143.5,1.0,0.0,0.0,0.16666666666666666,0.0,13.5,41,2025-06-17,2,0.5555555555555556,21.75,Low,West Bengal,Jhargram,DISTRICT MAGISTRATE JHARGRAM,1
westbengal|kalimpongdistrictmagistratekalimpongida,22,10747995.0,499870.5,152.0,1.0,0.13636363636363635,0.5,0.0,0.0,9.409090909090908,21,2025-03-25,7,0.2148760330578512,12.89,Routine,West Bengal,KALIMPONG,District Magistrate Kalimpong,1
westbengal|kolkatacommissionerkolkatamunicipalcorporationida,20,31728948.0,986507.5,59.0,0.65,0.2,0.1,0.45,0.0,18.15,46,2025-01-30,9,0.195,26.5,Low,West Bengal,KOLKATA,COMMISSIONER KOLKATA MUNICIPAL CORPORATION,3
westbengal|murshidabaddistrictmagistratemurshidabadida,72,11978198.0,140538.0,125.0,0.9861111111111112,0.0,0.0,0.013888888888888888,0.0,6.263888888888889,25,2025-03-24,2,0.9726080246913582,11.88,Routine,West Bengal,MURSHIDABAD,DISTRICT MAGISTRATE MURSHIDABAD,2
westbengal|nadiadistrictmagistratenadiaida,76,67612894.0,373355.0,89.0,0.8421052631578947,0.15789473684210525,0.0,0.15789473684210525,0.0,12.157894736842104,56,2025-08-22,16,0.2638504155124654,25.31,Low,West Bengal,NADIA,DISTRICT MAGISTRATE NADIA,3
westbengal|north24parganasdistrictmagistratenorthtwentyfourparganasida,80,111936663.0,262455.5,329.5,0.975,0.125,0.1375,0.1625,0.5375,31.1125,56,2026-08-14,13,0.280625,38.58,Low,West Bengal,North 24 Parganas,DISTRICT MAGISTRATE NORTH TWENTY FOUR PARGANAS,4
westbengal|paschimbardhamandistrictmagistratepaschimbardhamanida,16,27416239.0,1198000.0,116.0,0.9375,0.6875,0.125,0.4375,0.125,30.25,68,2026-02-06,8,0.171875,41.58,Medium,West Bengal,PASCHIM BARDHAMAN,DISTRICT MAGISTRATE PASCHIM BARDHAMAN,2
westbengal|paschimmedinipurdistrictmagistratepaschimmedinipurida,8,3022784.0,377848.0,99.0,1.0,0.0,0.0,0.0,0.0,6.0,6,2025-03-27,1,1.0,6.0,Routine,West Bengal,Paschim Medinipur,DISTRICT MAGISTRATE PASCHIM MEDINIPUR,1
westbengal|purbabardhamandistrictmagistratepurbabardhamanida,81,64460629.0,450000.0,105.0,0.9876543209876543,0.37037037037037035,0.09876543209876543,0.1111111111111111,0.07407407407407407,17.580246913580247,64,2026-01-30,20,0.11964639536655997,31.51,Low,West Bengal,PURBA BARDHAMAN,DISTRICT MAGISTRATE PURBA BARDHAMAN,3
westbengal|purbamedinipurdistrictmagistratepurbamedinipurida,22,16296346.0,425000.0,76.0,0.8636363636363636,0.3181818181818182,0.13636363636363635,0.2727272727272727,0.0,18.59090909090909,56,2025-09-18,8,0.2644628099173554,29.81,Low,West Bengal,Purba Medinipur,DISTRICT MAGISTRATE PURBA MEDINIPUR,2
westbengal|puruliadistrictmagistratepuruliaida,1,2988593.0,2988593.0,149.0,1.0,0.0,0.0,1.0,0.0,31.0,31,2025-02-21,1,1.0,31.0,Low,West Bengal,PURULIA,DISTRICT MAGISTRATE PURULIA,1
westbengal|south24parganasdistrictmagistratesouthtwentyfourparganasida,323,108433462.0,299994.0,86.0,0.8513931888544891,0.0804953560371517,0.09597523219814241,0.009287925696594427,0.018575851393188854,7.396284829721362,41,2025-09-25,14,0.44450727985507377,17.48,Routine,West Bengal,South 24 Parganas,DISTRICT MAGISTRATE SOUTH TWENTY FOUR PARGANAS,3
